Workbook

Sheet HDSD
A1: LƯƠNG THỜI VỤ (RSS, TRỰC LÒ, A LƯỚI, THỜI VỤ HAQT, KHOÁN TẤN MỦ, BỐC XẾP) & CÔNG NHÂN LÀO
A2: Thay cho file "ĐNTT CÔNG NHÂN THỜI VỤ", "BẢNG LƯƠNG CÔNG NHÂN THỜI VỤ HAQT" và sheet "Công nhân Lào". Một bảng công, quy tắc theo NHÓM, khoán tấn chia tổ tự động.
A4: QUY ƯỚC MÀU
A5: Chữ xanh, nền vàng nhạt | B5: Ô nhập liệu
A6: Nền vàng đậm | B6: Định mức theo nhóm – HCNS đổi khi có quyết định
A7: Chữ đen | B7: Công thức, đã khoá
A8: Nền xanh lá | B8: Kết quả cuối – đưa sang ĐNTT
A10: CÁCH CHẤM CÔNG
A11: Số giờ | B11: Ví dụ 8, 12, 8.5 (bội số 0,5). Trực lò: 12 giờ = 1 ca.
A12: Số giờ + N | B12: Ví dụ 12N = 12 giờ ca ĐÊM. Thay cho việc chọn tay ô ca đêm trong công thức cũ (SUM(J,R,S)/8).
A13: Một người làm 2 nhóm | B13: Chấm 2 dòng: cùng Mã NV, khác Nhóm (vd Lê Văn Nghị: dòng RSS + dòng Trực lò). Đơn giá riêng ghi ở cột "Đơn giá riêng" nếu khác mặc định của nhóm.
A15: QUY TRÌNH KỲ LƯƠNG (cả tháng hoặc nửa tháng)
A16: 1. THAM_SO | B16: Tháng, năm, kỳ (Cả tháng / 1–15 / 16–31), tỷ giá kíp.
A17: 2. NHOM | B17: Đơn giá ngày mặc định, giờ/công, hỗ trợ ngày/đêm, tiền ăn, ngày chia lương tháng, làm tròn – theo từng nhóm.
A18: 3. NHAN_VIEN | B18: Người mới: mã, nhóm chính, hình thức (Lương ngày / Lương ca / Lương tháng / Khoán tháng), lương tháng (Lào), tổ & vai trò (HAQT).
A19: 4. BCC | B19: Chấm giờ. Cột Nhóm bắt buộc. Người chấm / Người duyệt.
A20: 5. KHOAN_TAN + KT_NGUOI | B20: Sản lượng mủ khoán theo ngày & tổ; đánh dấu x người tham gia ngày đó ở KT_NGUOI (ngày khoán tấn không chấm giờ). Tiền chia đều làm tròn xuống nghìn, trưởng tổ nhận phần dư. Bốc xếp mủ tạp đích danh (tối đa 3 người, chia đều).
A21: 6. DIEU_CHINH | B21: Tạm ứng, hỗ trợ thêm, thưởng, khoản trừ – có lý do & người duyệt. Tiền kíp Lào ghi LAK, tự quy đổi.
A22: 7. LUONG, KIEM_TRA | B22: Tự tính. Tất cả OK mới chốt.
A24: PHÁT HIỆN KHI ĐỐI CHIẾU FILE CŨ (tháng 8)
A25: Công nhân Lào | B25: Nghen: gõ cứng 4.500.000 dù 31 công; Ken: chia 31 (3tr/31×19); Ngon, Lun: chia 30. File này thống nhất: lương tháng / 30 × MIN(công, 30). Ken theo quy tắc mới = 1.900.000 (cũ 1.838.710) – HCNS quyết.
A26: Khoán tấn HAQT | B26: Số tiền từng người gõ tay; suy ra quy tắc: chia đều làm tròn xuống nghìn, trưởng tổ nhận phần dư. Ngày 23/08 tổ 1 không khớp hoàn toàn → HCNS xác nhận quy tắc.
A27: Trần Thắng / Trần Thăng | B27: RSS ghi "Trần Thắng", trực lò ghi "Trần Thăng" – một người hai tên. Cần mã NV thống nhất.
A28: Dương (Lào) ngày 31 | B28: Ô chấm công ghi 31 (giờ) – lỗi nhập; file này chặn bằng validation.
A29: A Lưới ca đêm | B29: Công thức cũ chọn ô bằng tay (SUM(8,J12)/8, SUM(H,T,U,V)/8) – không tái lập được; file này dùng hậu tố N.

Sheet THAM_SO
A1: THAM SỐ KỲ LƯƠNG THỜI VỤ
B3: Tháng | C3: 8
B4: Năm | C4: 2026
B5: Kỳ (Cả tháng / 1–15 / 16–31) | C5: Cả tháng | D5: Kỳ nửa tháng: chỉ các cột ngày thuộc kỳ được mở để chấm (cột ngoài kỳ tô xám).
B7: Tỷ giá 1 LAK (kíp) = ? VND | C7: 1.15 | D7: VÍ DỤ – lấy tỷ giá kế toán
B8: Cảnh báo nếu giờ/ngày lớn hơn | C8: 12
B9: Đơn giá bốc xếp mủ tạp (đ/tấn) | C9: 50000

Sheet NHOM
A1: ĐỊNH MỨC THEO NHÓM LAO ĐỘNG
A2: Mỗi nhóm một dòng. Thêm nhóm mới = thêm dòng.
A4: Nhóm | B4: Mô tả | C4: Đơn giá ngày mặc định (đ/công) | D4: Giờ / 1 công | E4: Hỗ trợ / công ngày | F4: Hỗ trợ / công đêm | G4: Tiền ăn / công | H4: Ngày chia lương tháng | I4: Làm tròn xuống (đ) | J4: Nguồn trong file cũ
A5: RSS HAPĐ | B5: Công nhân thời vụ RSS Phong Điền | C5: 350000 | D5: 8 | E5: 0 | F5: 0 | G5: 0 | H5: 30 | I5: 1 | J5: Sheet "Công nhân thời vụ RSS": 350k, riêng Nghị 370k
A6: Trực lò | B6: Trực lò 12 giờ/ca | C6: 250000 | D6: 12 | E6: 0 | F6: 0 | G6: 0 | H6: 30 | I6: 1 | J6: Sheet "Công trực lò": 250k/12h
A7: A Lưới SX | B7: Thời vụ A Lưới – sản xuất | C7: 270000 | D7: 8 | E7: 80000 | F7: 100000 | G7: 0 | H7: 30 | I7: 1 | J7: 80k/công ngày, 100k/ca đêm
A8: A Lưới RSS | B8: Thời vụ A Lưới – RSS | C8: 350000 | D8: 8 | E8: 0 | F8: 20000 | G8: 0 | H8: 30 | I8: 1 | J8: 20k/ca đêm
A9: Thời vụ HAQT | B9: Công nhân thời vụ Huy Anh Quảng Trị | C9: 370000 | D9: 8 | E9: 0 | F9: 0 | G9: 0 | H9: 30 | I9: 1 | J9: 370k/công + khoán tấn theo tổ + bốc xếp
A10: Lào | B10: Công nhân Lào | C10: 0 | D10: 8 | E10: 0 | F10: 0 | G10: 0 | H10: 30 | I10: 1000 | J10: Lương tháng/30 × công; tiền ăn 90k/công ghi riêng từng người (file cũ chỉ Nghen có); làm tròn nghìn

Sheet NHAN_VIEN
A1: DANH MỤC LAO ĐỘNG THỜI VỤ & CÔNG NHÂN LÀO
A2: Mã NV là khoá. Hình thức: Lương ngày (công × đơn giá) / Lương ca (ca 12h × đơn giá) / Lương tháng (lương tháng/ngày chia × công) / Khoán tháng (nhận nguyên lương tháng).
A4: STT | B4: Mã NV | C4: Họ và tên | D4: Nhóm chính | E4: Hình thức | F4: Đơn giá riêng (đ/công) | G4: Lương tháng (Lương tháng/Khoán tháng) | H4: Tiền ăn riêng (đ/công) | I4: Tổ (khoán tấn) | J4: Vai trò tổ | K4: Ngày vào | L4: Tình trạng | M4: Ghi chú
A5: 1 | B5: RSS-01 | C5: Hồ Thị Lẽ | D5: RSS HAPĐ | E5: Lương ngày | L5: Thời vụ
A6: 2 | B6: RSS-02 | C6: Thèn Thị Giang | D6: RSS HAPĐ | E6: Lương ngày | L6: Thời vụ
A7: 3 | B7: RSS-03 | C7: Lê Văn Nghị | D7: RSS HAPĐ | E7: Lương ngày | F7: 370000 | L7: Thời vụ | M7: Đơn giá riêng 370.000 (file cũ)
A8: 4 | B8: RSS-04 | C8: Trần Thắng | D8: RSS HAPĐ | E8: Lương ngày | L8: Thời vụ
A9: 5 | B9: RSS-05 | C9: Trần Phước Hùng | D9: RSS HAPĐ | E9: Lương ngày | L9: Thời vụ
A10: 6 | B10: RSS-06 | C10: Lê Thị Hảo | D10: RSS HAPĐ | E10: Lương ngày | L10: Thời vụ
A11: 7 | B11: RSS-07 | C11: Dương Thị Huệ | D11: RSS HAPĐ | E11: Lương ngày | L11: Thời vụ
A12: 8 | B12: RSS-08 | C12: Lê Thị Như Ý | D12: RSS HAPĐ | E12: Lương ngày | L12: Thời vụ
A13: 9 | B13: RSS-09 | C13: Nguyễn Thị Thùy Trang | D13: RSS HAPĐ | E13: Lương ngày | L13: Thời vụ
A14: 10 | B14: RSS-10 | C14: Võ Thị Ngọc Ánh | D14: RSS HAPĐ | E14: Lương ngày | L14: Thời vụ
A15: 11 | B15: RSS-11 | C15: Lê Thị Hiên | D15: RSS HAPĐ | E15: Lương ngày | L15: Thời vụ
A16: 12 | B16: RSS-12 | C16: Phan Thị Như Nghĩa | D16: RSS HAPĐ | E16: Lương ngày | L16: Thời vụ
A17: 13 | B17: RSS-13 | C17: Nguyễn Quyền | D17: RSS HAPĐ | E17: Lương ngày | L17: Thời vụ
A18: 14 | B18: RSS-14 | C18: Lê Quốc Vượng | D18: RSS HAPĐ | E18: Lương ngày | L18: Thời vụ
A19: 15 | B19: RSS-15 | C19: Ngô Quý Anh Tuấn | D19: RSS HAPĐ | E19: Lương ngày | L19: Thời vụ
... A26: 22 | B26: AL-07 | C26: Hồ Văn Lài | D26: A Lưới SX | E26: Lương ngày | L26: Thời vụ
A27: 23 | B27: QT-01 | C27: Lê Văn Đạt | D27: Thời vụ HAQT | E27: Lương ngày | I27: Tổ 1 | J27: Trưởng tổ | L27: Thời vụ
A28: 24 | B28: QT-02 | C28: Nguyễn Văn Ánh | D28: Thời vụ HAQT | E28: Lương ngày | I28: Tổ 1 | J28: Thành viên | L28: Thời vụ
A29: 25 | B29: QT-03 | C29: Lê Đăng Đức | D29: Thời vụ HAQT | E29: Lương ngày | I29: Tổ 1 | J29: Thành viên | L29: Thời vụ
A30: 26 | B30: QT-04 | C30: Phạm Khai | D30: Thời vụ HAQT | E30: Lương ngày | L30: Thời vụ
A31: 27 | B31: QT-05 | C31: Nguyễn Thị Nhung | D31: Thời vụ HAQT | E31: Lương ngày | I31: Tổ 1 | J31: Thành viên | L31: Thời vụ
A32: 28 | B32: QT-06 | C32: Tạ Thị Na | D32: Thời vụ HAQT | E32: Lương ngày | I32: Tổ 1 | J32: Thành viên | L32: Thời vụ
A33: 29 | B33: QT-07 | C33: Lê Thị Thanh | D33: Thời vụ HAQT | E33: Lương ngày | I33: Tổ 1 | J33: Thành viên | L33: Thời vụ
A34: 30 | B34: QT-08 | C34: Nguyễn Thị Thanh | D34: Thời vụ HAQT | E34: Lương ngày | I34: Tổ 1 | J34: Thành viên | L34: Thời vụ
A35: 31 | B35: QT-09 | C35: Lưu Thị Lan | D35: Thời vụ HAQT | E35: Lương ngày | I35: Tổ 1 | J35: Thành viên | L35: Thời vụ
A36: 32 | B36: QT-10 | C36: Lê Thị Minh Thu | D36: Thời vụ HAQT | E36: Lương ngày | I36: Tổ 1 | J36: Thành viên | L36: Thời vụ
A37: 33 | B37: QT-11 | C37: Trần Viết Hải | D37: Thời vụ HAQT | E37: Lương ngày | I37: Tổ 2 | J37: Trưởng tổ | L37: Thời vụ
A38: 34 | B38: QT-12 | C38: Phạm Gia Hiếu | D38: Thời vụ HAQT | E38: Lương ngày | I38: Tổ 3 | J38: Thành viên | L38: Thời vụ
A39: 35 | B39: QT-13 | C39: Nguyễn Thọ Lộc | D39: Thời vụ HAQT | E39: Lương ngày | I39: Tổ 2 | J39: Thành viên | L39: Thời vụ
A40: 36 | B40: QT-14 | C40: Nguyễn Phước Thành | D40: Thời vụ HAQT | E40: Lương ngày | I40: Tổ 2 | J40: Thành viên | L40: Thời vụ
A41: 37 | B41: QT-15 | C41: Nguyễn Thị X Thành | D41: Thời vụ HAQT | E41: Lương ngày | L41: Thời vụ
A42: 38 | B42: QT-16 | C42: Nguyễn Thị Mai | D42: Thời vụ HAQT | E42: Lương ngày | I42: Tổ 2 | J42: Thành viên | L42: Thời vụ
A43: 39 | B43: QT-17 | C43: Nguyễn Thị Điệp | D43: Thời vụ HAQT | E43: Lương ngày | I43: Tổ 2 | J43: Thành viên | L43: Thời vụ
A44: 40 | B44: QT-18 | C44: Trần Thị Thắm | D44: Thời vụ HAQT | E44: Lương ngày | I44: Tổ 2 | J44: Thành viên | L44: Thời vụ
A45: 41 | B45: QT-19 | C45: Lê Thị Thủy | D45: Thời vụ HAQT | E45: Lương ngày | I45: Tổ 2 | J45: Thành viên | L45: Thời vụ
A46: 42 | B46: QT-20 | C46: Nguyễn Thị Kim Thoa | D46: Thời vụ HAQT | E46: Lương ngày | I46: Tổ 2 | J46: Thành viên | L46: Thời vụ
A47: 43 | B47: QT-21 | C47: Hồ Xuân Đông | D47: Thời vụ HAQT | E47: Lương ngày | I47: Tổ 3 | J47: Trưởng tổ | L47: Thời vụ
A48: 44 | B48: QT-22 | C48: Nguyễn Chí Thành | D48: Thời vụ HAQT | E48: Lương ngày | L48: Thời vụ
A49: 45 | B49: QT-23 | C49: Nguyễn Thị Vân | D49: Thời vụ HAQT | E49: Lương ngày | I49: Tổ 3 | J49: Thành viên | L49: Thời vụ
A50: 46 | B50: QT-24 | C50: Đào Thị Lương | D50: Thời vụ HAQT | E50: Lương ngày | I50: Tổ 3 | J50: Thành viên | L50: Thời vụ
A51: 47 | B51: QT-25 | C51: Trần Thị Anh | D51: Thời vụ HAQT | E51: Lương ngày | I51: Tổ 3 | J51: Thành viên | L51: Thời vụ
A52: 48 | B52: QT-26 | C52: Nguyễn Thị Kim Duyên | D52: Thời vụ HAQT | E52: Lương ngày | I52: Tổ 3 | J52: Thành viên | L52: Thời vụ
A53: 49 | B53: QT-27 | C53: Trần Thị Gái | D53: Thời vụ HAQT | E53: Lương ngày | I53: Tổ 3 | J53: Thành viên | L53: Thời vụ
A54: 50 | B54: QT-28 | C54: Phạm Thị Thu | D54: Thời vụ HAQT | E54: Lương ngày | L54: Thời vụ
A55: 51 | B55: QT-29 | C55: La Trọng Sơn | D55: Thời vụ HAQT | E55: Lương ngày | I55: Tổ 3 | J55: Thành viên | L55: Thời vụ
A56: 52 | B56: QT-30 | C56: Nguyễn Đình Bình | D56: Thời vụ HAQT | E56: Lương ngày | I56: Tổ 3 | J56: Thành viên | L56: Thời vụ
A57: 53 | B57: QT-31 | C57: Phạm Khai | D57: Thời vụ HAQT | E57: Lương ngày | L57: Thời vụ | M57: Chỉ có bốc xếp mủ tạp trong tháng 8 (không có công thời vụ)
A58: 54 | B58: LAO-002 | C58: Nghen | D58: Lào | E58: Lương tháng | G58: 4500000 | H58: 90000 | L58: Thời vụ | M58: 4.5tr/30 công + 90.000 tiền ăn/công
A59: 55 | B59: LAO-003 | C59: Ken | D59: Lào | E59: Lương tháng | G59: 3000000 | L59: Thời vụ
A60: 56 | B60: LAO-004 | C60: Dương | D60: Lào | E60: Khoán tháng | G60: 2000000 | L60: Thời vụ | M60: 2 triệu/30 tháng
A61: 57 | B61: LAO-005 | C61: Lun (máy đào) | D61: Lào | E61: Lương tháng | G61: 10000000 | L61: Thời vụ | M61: 10tr/30 công
A62: 58 | B62: LAO-006 | C62: Ngon | D62: Lào | E62: Lương tháng | G62: 6000000 | L62: Thời vụ | M62: 6 triệu/30 công
A63: 59 | B63: LAO-008 | C63: Bun | D63: Lào | E63: Lương ngày | F63: 115000 | L63: Thời vụ | M63: 100.000 KIP/công ≈ 115.000 đ – nhập đơn giá riêng theo tỷ giá

Sheet BCC
A1: BẢNG CHẤM CÔNG THỜI VỤ & LÀO – giờ/ngày, hậu tố N = ca đêm
A2: Mỗi dòng = 1 người × 1 nhóm. Cột Nhóm bắt buộc (chọn từ danh sách). Đơn giá riêng chỉ ghi khi khác mặc định.
G3: =IF(0<DAY(EOMONTH(DATE(NAM,THANG,1),0)),DATE(NAM,THANG,1)+0,"") -> 46235 | H3: =IF(1<DAY(EOMONTH(DATE(NAM,THANG,1),0)),DATE(NAM,THANG,1)+1,"") -> 46236 | I3: =IF(2<DAY(EOMONTH(DATE(NAM,THANG,1),0)),DATE(NAM,THANG,1)+2,"") -> 46237 | J3: =IF(3<DAY(EOMONTH(DATE(NAM,THANG,1),0)),DATE(NAM,THANG,1)+3,"") -> 46238 | K3: =IF(4<DAY(EOMONTH(DATE(NAM,THANG,1),0)),DATE(NAM,THANG,1)+4,"") -> 46239 | L3: =IF(5<DAY(EOMONTH(DATE(NAM,THANG,1),0)),DATE(NAM,THANG,1)+5,"") -> 46240 | M3: =IF(6<DAY(EOMONTH(DATE(NAM,THANG,1),0)),DATE(NAM,THANG,1)+6,"") -> 46241 | N3: =IF(7<DAY(EOMONTH(DATE(NAM,THANG,1),0)),DATE(NAM,THANG,1)+7,"") -> 46242 | O3: =IF(8<DAY(EOMONTH(DATE(NAM,THANG,1),0)),DATE(NAM,THANG,1)+8,"") -> 46243 | P3: =IF(9<DAY(EOMONTH(DATE(NAM,THANG,1),0)),DATE(NAM,THANG,1)+9,"") -> 46244 | Q3: =IF(10<DAY(EOMONTH(DATE(NAM,THANG,1),0)),DATE(NAM,THANG,1)+10,"") -> 46245 | R3: =IF(11<DAY(EOMONTH(DATE(NAM,THANG,1),0)),DATE(NAM,THANG,1)+11,"") -> 46246 | S3: =IF(12<DAY(EOMONTH(DATE(NAM,THANG,1),0)),DATE(NAM,THANG,1)+12,"") -> 46247 | T3: =IF(13<DAY(EOMONTH(DATE(NAM,THANG,1),0)),DATE(NAM,THANG,1)+13,"") -> 46248 | U3: =IF(14<DAY(EOMONTH(DATE(NAM,THANG,1),0)),DATE(NAM,THANG,1)+14,"") -> 46249 | V3: =IF(15<DAY(EOMONTH(DATE(NAM,THANG,1),0)),DATE(NAM,THANG,1)+15,"") -> 46250 | W3: =IF(16<DAY(EOMONTH(DATE(NAM,THANG,1),0)),DATE(NAM,THANG,1)+16,"") -> 46251 | X3: =IF(17<DAY(EOMONTH(DATE(NAM,THANG,1),0)),DATE(NAM,THANG,1)+17,"") -> 46252 | Y3: =IF(18<DAY(EOMONTH(DATE(NAM,THANG,1),0)),DATE(NAM,THANG,1)+18,"") -> 46253 | Z3: =IF(19<DAY(EOMONTH(DATE(NAM,THANG,1),0)),DATE(NAM,THANG,1)+19,"") -> 46254 | AA3: =IF(20<DAY(EOMONTH(DATE(NAM,THANG,1),0)),DATE(NAM,THANG,1)+20,"") -> 46255 | AB3: =IF(21<DAY(EOMONTH(DATE(NAM,THANG,1),0)),DATE(NAM,THANG,1)+21,"") -> 46256 | AC3: =IF(22<DAY(EOMONTH(DATE(NAM,THANG,1),0)),DATE(NAM,THANG,1)+22,"") -> 46257 | AD3: =IF(23<DAY(EOMONTH(DATE(NAM,THANG,1),0)),DATE(NAM,THANG,1)+23,"") -> 46258 | AE3: =IF(24<DAY(EOMONTH(DATE(NAM,THANG,1),0)),DATE(NAM,THANG,1)+24,"") -> 46259 | AF3: =IF(25<DAY(EOMONTH(DATE(NAM,THANG,1),0)),DATE(NAM,THANG,1)+25,"") -> 46260 | AG3: =IF(26<DAY(EOMONTH(DATE(NAM,THANG,1),0)),DATE(NAM,THANG,1)+26,"") -> 46261 | AH3: =IF(27<DAY(EOMONTH(DATE(NAM,THANG,1),0)),DATE(NAM,THANG,1)+27,"") -> 46262 | AI3: =IF(28<DAY(EOMONTH(DATE(NAM,THANG,1),0)),DATE(NAM,THANG,1)+28,"") -> 46263 | AJ3: =IF(29<DAY(EOMONTH(DATE(NAM,THANG,1),0)),DATE(NAM,THANG,1)+29,"") -> 46264 | AK3: =IF(30<DAY(EOMONTH(DATE(NAM,THANG,1),0)),DATE(NAM,THANG,1)+30,"") -> 46265
G4: =IF(G3="","",CHOOSE(WEEKDAY(G3),"CN","T2","T3","T4","T5","T6","T7")) -> T7 | H4: =IF(H3="","",CHOOSE(WEEKDAY(H3),"CN","T2","T3","T4","T5","T6","T7")) -> CN | I4: =IF(I3="","",CHOOSE(WEEKDAY(I3),"CN","T2","T3","T4","T5","T6","T7")) -> T2 | J4: =IF(J3="","",CHOOSE(WEEKDAY(J3),"CN","T2","T3","T4","T5","T6","T7")) -> T3 | K4: =IF(K3="","",CHOOSE(WEEKDAY(K3),"CN","T2","T3","T4","T5","T6","T7")) -> T4 | L4: =IF(L3="","",CHOOSE(WEEKDAY(L3),"CN","T2","T3","T4","T5","T6","T7")) -> T5 | M4: =IF(M3="","",CHOOSE(WEEKDAY(M3),"CN","T2","T3","T4","T5","T6","T7")) -> T6 | N4: =IF(N3="","",CHOOSE(WEEKDAY(N3),"CN","T2","T3","T4","T5","T6","T7")) -> T7 | ... AK4: =IF(AK3="","",CHOOSE(WEEKDAY(AK3),"CN","T2","T3","T4","T5","T6","T7")) -> T2
A5: STT | B5: Mã NV | C5: Họ và tên | D5: Nhóm | E5: Đơn giá riêng | F5: Giờ/công | G5: 1 | H5: 2 | I5: 3 | J5: 4 | K5: 5 | L5: 6 | M5: 7 | N5: 8 | O5: 9 | P5: 10 | Q5: 11 | R5: 12 | S5: 13 | T5: 14 | U5: 15 | V5: 16 | W5: 17 | X5: 18 | Y5: 19 | Z5: 20 | AA5: 21 | AB5: 22 | AC5: 23 | AD5: 24 | AE5: 25 | AF5: 26 | AG5: 27 | AH5: 28 | AI5: 29 | AJ5: 30 | AK5: 31 | AL5: Tổng giờ | AM5: Công | AN5: Công đêm | AO5: Người chấm | AP5: Người duyệt | AQ5: Ghi chú | AR5: Max giờ/ngày (mọi dòng cùng mã)
A6: 1 | B6: RSS-01 | C6: =IF(B6="","",IFERROR(INDEX(NV_TEN,MATCH(B6,NV_MA,0)),"MÃ KHÔNG CÓ")) -> Hồ Thị Lẽ | D6: RSS HAPĐ | F6: =IF(D6="","",IFERROR(INDEX(NH_GIO,MATCH(D6,NH_TEN,0)),"NHÓM?")) -> 8 | G6: 8 | H6: 8 | I6: 8 | K6: 8 | L6: 8 | M6: 8 | N6: 10 | O6: 8 | P6: 8 | Q6: 4 | R6: 8 | S6: 8 | T6: 8.5 | U6: 8 | V6: 8 | W6: 8 | X6: 8 | Y6: 8 | Z6: 8 | AA6: 8 | AB6: 8 | AC6: 10 | AD6: 12.5 | AE6: 8 | AF6: 10 | AG6: 8 | AH6: 10 | AI6: 8 | AJ6: 8 | AK6: 8 | AL6: =IF(B6="","",SUMPRODUCT(IFERROR(VALUE(SUBSTITUTE(G6:AK6,"N","")),0))) -> 249 | AM6: =IF(B6="","",AL6/F6) -> 31.125 | AN6: =IF(B6="","",SUMPRODUCT(ISNUMBER(SEARCH("N",G6:AK6))*IFERROR(VALUE(SUBSTITUTE(G6:AK6,"N","")),0))/F6) -> 0 | AR6: =IF(B6="",0,MAX(SUMPRODUCT((BCC_MA=$B6)*IFERROR(VALUE(SUBSTITUTE($G$6:$G$100,"N","")),0)),SUMPRODUCT((BCC_MA=$B6)*IFERROR(VALUE(SUBSTITUTE($H$6:$H$100,"N","")),0)),SUMPRODUCT((BCC_MA=$B6)*IFERROR(VALUE(SUBSTITUTE($I$6:$I$100,"N","")),0)),SUMPRODUCT((BCC_MA=$B6)*IFERROR(VALUE(SUBSTITUTE($J$6:$J$100,"N","")),0)),SUMPRODUCT((BCC_MA=$B6)*IFERROR(VALUE(SUBSTITUTE($K$6:$K$100,"N","")),0)),SUMPRODUCT((BCC_MA=$B6)*IFERROR(VALUE(SUBSTITUTE($L$6:$L$100,"N","")),0)),SUMPRODUCT((BCC_MA=$B6)*IFERROR(VALUE(SUBSTITUTE($M$6:$M$100,"N","")),0)),SUMPRODUCT((BCC_MA=$B6)*IFERROR(VALUE(SUBSTITUTE($N$6:$N$100,"N","")),0)),SUMPRODUCT((BCC_MA=$B6)*IFERROR(VALUE(SUBSTITUTE($O$6:$O$100,"N","")),0)),SUMPRODUCT((BCC_MA=$B6)*IFERROR(VALUE(SUBSTITUTE($P$6:$P$100,"N","")),0)),SUMPRODUCT((BCC_MA=$B6)*IFERROR(VALUE(SUBSTITUTE($Q$6:$Q$100,"N","")),0)),SUMPRODUCT((BCC_MA=$B6)*IFERROR(VALUE(SUBSTITUTE($R$6:$R$100,"N","")),0)),SUMPRODUCT((BCC_MA=$B6)*IFERROR(VALUE(SUBSTITUTE($S$6:$S$100,"N","")),0)),SUMPRODUCT((BCC_MA=$B6)*IFERROR(VALUE(SUBSTITUTE($T$6:$T$100,"N","")),0)),SUMPRODUCT((BCC_MA=$B6)*IFERROR(VALUE(SUBSTITUTE($U$6:$U$100,"N","")),0)),SUMPRODUCT((BCC_MA=$B6)*IFERROR(VALUE(SUBSTITUTE($V$6:$V$100,"N","")),0)),SUMPRODUCT((BCC_MA=$B6)*IFERROR(VALUE(SUBSTITUTE($W$6:$W$100,"N","")),0)),SUMPRODUCT((BCC_MA=$B6)*IFERROR(VALUE(SUBSTITUTE($X$6:$X$100,"N","")),0)),SUMPRODUCT((BCC_MA=$B6)*IFERROR(VALUE(SUBSTITUTE($Y$6:$Y$100,"N","")),0)),SUMPRODUCT((BCC_MA=$B6)*IFERROR(VALUE(SUBSTITUTE($Z$6:$Z$100,"N","")),0)),SUMPRODUCT((BCC_MA=$B6)*IFERROR(VALUE(SUBSTITUTE($AA$6:$AA$100,"N","")),0)),SUMPRODUCT((BCC_MA=$B6)*IFERROR(VALUE(SUBSTITUTE($AB$6:$AB$100,"N","")),0)),SUMPRODUCT((BCC_MA=$B6)*IFERROR(VALUE(SUBSTITUTE($AC$6:$AC$100,"N","")),0)),SUMPRODUCT((BCC_MA=$B6)*IFERROR(VALUE(SUBSTITUTE($AD$6:$AD$100,"N","")),0)),SUMPRODUCT((BCC_MA=$B6)*IFERROR(VALUE(SUBSTITUTE($AE$6:$AE$100,"N","")),0)),SUMPRODUCT((BCC_MA=$B6)*IFERROR(VALUE(SUBSTITUTE($AF$6:$AF$100,"N","")),0)),SUMPRODUCT((BCC_MA=$B6)*IFERROR(VALUE(SUBSTITUTE($AG$6:$AG$100,"N","")),0)),SUMPRODUCT((BCC_MA=$B6)*IFERROR(VALUE(SUBSTITUTE($AH$6:$AH$100,"N","")),0)),SUMPRODUCT((BCC_MA=$B6)*IFERROR(VALUE(SUBSTITUTE($AI$6:$AI$100,"N","")),0)),SUMPRODUCT((BCC_MA=$B6)*IFERROR(VALUE(SUBSTITUTE($AJ$6:$AJ$100,"N","")),0)),SUMPRODUCT((BCC_MA=$B6)*IFERROR(VALUE(SUBSTITUTE($AK$6:$AK$100,"N","")),0)))) -> 12.5
A7: 2 | B7: RSS-02 | C7: =IF(B7="","",IFERROR(INDEX(NV_TEN,MATCH(B7,NV_MA,0)),"MÃ KHÔNG CÓ")) -> Thèn Thị Giang | D7: RSS HAPĐ | F7: =IF(D7="","",IFERROR(INDEX(NH_GIO,MATCH(D7,NH_TEN,0)),"NHÓM?")) -> 8 | G7: 8 | H7: 8 | L7: 8 | M7: 8 | O7: 8 | P7: 8 | Q7: 8 | R7: 8 | S7: 8 | T7: 8.5 | U7: 8 | V7: 8 | W7: 8 | Y7: 8 | Z7: 8 | AA7: 8 | AB7: 8 | AC7: 10 | AD7: 12.5 | AE7: 8 | AF7: 10 | AG7: 8 | AH7: 10 | AJ7: 8 | AK7: 8 | AL7: =IF(B7="","",SUMPRODUCT(IFERROR(VALUE(SUBSTITUTE(G7:AK7,"N","")),0))) -> 211 | AM7: =IF(B7="","",AL7/F7) -> 26.375 | AN7: =IF(B7="","",SUMPRODUCT(ISNUMBER(SEARCH("N",G7:AK7))*IFERROR(VALUE(SUBSTITUTE(G7:AK7,"N","")),0))/F7) -> 0 | AR7: =IF(B7="",0,MAX(SUMPRODUCT((BCC_MA=$B7)*IFERROR(VALUE(SUBSTITUTE($G$6:$G$100,"N","")),0)),SUMPRODUCT((BCC_MA=$B7)*IFERROR(VALUE(SUBSTITUTE($H$6:$H$100,"N","")),0)),SUMPRODUCT((BCC_MA=$B7)*IFERROR(VALUE(SUBSTITUTE($I$6:$I$100,"N","")),0)),SUMPRODUCT((BCC_MA=$B7)*IFERROR(VALUE(SUBSTITUTE($J$6:$J$100,"N","")),0)),SUMPRODUCT((BCC_MA=$B7)*IFERROR(VALUE(SUBSTITUTE($K$6:$K$100,"N","")),0)),SUMPRODUCT((BCC_MA=$B7)*IFERROR(VALUE(SUBSTITUTE($L$6:$L$100,"N","")),0)),SUMPRODUCT((BCC_MA=$B7)*IFERROR(VALUE(SUBSTITUTE($M$6:$M$100,"N","")),0)),SUMPRODUCT((BCC_MA=$B7)*IFERROR(VALUE(SUBSTITUTE($N$6:$N$100,"N","")),0)),SUMPRODUCT((BCC_MA=$B7)*IFERROR(VALUE(SUBSTITUTE($O$6:$O$100,"N","")),0)),SUMPRODUCT((BCC_MA=$B7)*IFERROR(VALUE(SUBSTITUTE($P$6:$P$100,"N","")),0)),SUMPRODUCT((BCC_MA=$B7)*IFERROR(VALUE(SUBSTITUTE($Q$6:$Q$100,"N","")),0)),SUMPRODUCT((BCC_MA=$B7)*IFERROR(VALUE(SUBSTITUTE($R$6:$R$100,"N","")),0)),SUMPRODUCT((BCC_MA=$B7)*IFERROR(VALUE(SUBSTITUTE($S$6:$S$100,"N","")),0)),SUMPRODUCT((BCC_MA=$B7)*IFERROR(VALUE(SUBSTITUTE($T$6:$T$100,"N","")),0)),SUMPRODUCT((BCC_MA=$B7)*IFERROR(VALUE(SUBSTITUTE($U$6:$U$100,"N","")),0)),SUMPRODUCT((BCC_MA=$B7)*IFERROR(VALUE(SUBSTITUTE($V$6:$V$100,"N","")),0)),SUMPRODUCT((BCC_MA=$B7)*IFERROR(VALUE(SUBSTITUTE($W$6:$W$100,"N","")),0)),SUMPRODUCT((BCC_MA=$B7)*IFERROR(VALUE(SUBSTITUTE($X$6:$X$100,"N","")),0)),SUMPRODUCT((BCC_MA=$B7)*IFERROR(VALUE(SUBSTITUTE($Y$6:$Y$100,"N","")),0)),SUMPRODUCT((BCC_MA=$B7)*IFERROR(VALUE(SUBSTITUTE($Z$6:$Z$100,"N","")),0)),SUMPRODUCT((BCC_MA=$B7)*IFERROR(VALUE(SUBSTITUTE($AA$6:$AA$100,"N","")),0)),SUMPRODUCT((BCC_MA=$B7)*IFERROR(VALUE(SUBSTITUTE($AB$6:$AB$100,"N","")),0)),SUMPRODUCT((BCC_MA=$B7)*IFERROR(VALUE(SUBSTITUTE($AC$6:$AC$100,"N","")),0)),SUMPRODUCT((BCC_MA=$B7)*IFERROR(VALUE(SUBSTITUTE($AD$6:$AD$100,"N","")),0)),SUMPRODUCT((BCC_MA=$B7)*IFERROR(VALUE(SUBSTITUTE($AE$6:$AE$100,"N","")),0)),SUMPRODUCT((BCC_MA=$B7)*IFERROR(VALUE(SUBSTITUTE($AF$6:$AF$100,"N","")),0)),SUMPRODUCT((BCC_MA=$B7)*IFERROR(VALUE(SUBSTITUTE($AG$6:$AG$100,"N","")),0)),SUMPRODUCT((BCC_MA=$B7)*IFERROR(VALUE(SUBSTITUTE($AH$6:$AH$100,"N","")),0)),SUMPRODUCT((BCC_MA=$B7)*IFERROR(VALUE(SUBSTITUTE($AI$6:$AI$100,"N","")),0)),SUMPRODUCT((BCC_MA=$B7)*IFERROR(VALUE(SUBSTITUTE($AJ$6:$AJ$100,"N","")),0)),SUMPRODUCT((BCC_MA=$B7)*IFERROR(VALUE(SUBSTITUTE($AK$6:$AK$100,"N","")),0)))) -> 12.5
A8: 3 | B8: RSS-03 | C8: =IF(B8="","",IFERROR(INDEX(NV_TEN,MATCH(B8,NV_MA,0)),"MÃ KHÔNG CÓ")) -> Lê Văn Nghị | D8: RSS HAPĐ | E8: 370000 | F8: =IF(D8="","",IFERROR(INDEX(NH_GIO,MATCH(D8,NH_TEN,0)),"NHÓM?")) -> 8 | G8: 10 | H8: 10 | I8: 8 | J8: 8 | K8: 8 | L8: 8 | M8: 8 | N8: 17 | O8: 11 | P8: 8 | Q8: 8 | R8: 8 | S8: 8 | T8: 9 | U8: 8 | V8: 18 | W8: 8 | X8: 11 | Y8: 8 | Z8: 8 | AA8: 8 | AB8: 8 | AC8: 10 | AD8: 13 | AE8: 8 | AF8: 10 | AG8: 8 | AH8: 10 | AI8: 9 | AJ8: 8 | AK8: 8 | AL8: =IF(B8="","",SUMPRODUCT(IFERROR(VALUE(SUBSTITUTE(G8:AK8,"N","")),0))) -> 290 | AM8: =IF(B8="","",AL8/F8) -> 36.25 | AN8: =IF(B8="","",SUMPRODUCT(ISNUMBER(SEARCH("N",G8:AK8))*IFERROR(VALUE(SUBSTITUTE(G8:AK8,"N","")),0))/F8) -> 0 | AR8: =IF(B8="",0,MAX(SUMPRODUCT((BCC_MA=$B8)*IFERROR(VALUE(SUBSTITUTE($G$6:$G$100,"N","")),0)),SUMPRODUCT((BCC_MA=$B8)*IFERROR(VALUE(SUBSTITUTE($H$6:$H$100,"N","")),0)),SUMPRODUCT((BCC_MA=$B8)*IFERROR(VALUE(SUBSTITUTE($I$6:$I$100,"N","")),0)),SUMPRODUCT((BCC_MA=$B8)*IFERROR(VALUE(SUBSTITUTE($J$6:$J$100,"N","")),0)),SUMPRODUCT((BCC_MA=$B8)*IFERROR(VALUE(SUBSTITUTE($K$6:$K$100,"N","")),0)),SUMPRODUCT((BCC_MA=$B8)*IFERROR(VALUE(SUBSTITUTE($L$6:$L$100,"N","")),0)),SUMPRODUCT((BCC_MA=$B8)*IFERROR(VALUE(SUBSTITUTE($M$6:$M$100,"N","")),0)),SUMPRODUCT((BCC_MA=$B8)*IFERROR(VALUE(SUBSTITUTE($N$6:$N$100,"N","")),0)),SUMPRODUCT((BCC_MA=$B8)*IFERROR(VALUE(SUBSTITUTE($O$6:$O$100,"N","")),0)),SUMPRODUCT((BCC_MA=$B8)*IFERROR(VALUE(SUBSTITUTE($P$6:$P$100,"N","")),0)),SUMPRODUCT((BCC_MA=$B8)*IFERROR(VALUE(SUBSTITUTE($Q$6:$Q$100,"N","")),0)),SUMPRODUCT((BCC_MA=$B8)*IFERROR(VALUE(SUBSTITUTE($R$6:$R$100,"N","")),0)),SUMPRODUCT((BCC_MA=$B8)*IFERROR(VALUE(SUBSTITUTE($S$6:$S$100,"N","")),0)),SUMPRODUCT((BCC_MA=$B8)*IFERROR(VALUE(SUBSTITUTE($T$6:$T$100,"N","")),0)),SUMPRODUCT((BCC_MA=$B8)*IFERROR(VALUE(SUBSTITUTE($U$6:$U$100,"N","")),0)),SUMPRODUCT((BCC_MA=$B8)*IFERROR(VALUE(SUBSTITUTE($V$6:$V$100,"N","")),0)),SUMPRODUCT((BCC_MA=$B8)*IFERROR(VALUE(SUBSTITUTE($W$6:$W$100,"N","")),0)),SUMPRODUCT((BCC_MA=$B8)*IFERROR(VALUE(SUBSTITUTE($X$6:$X$100,"N","")),0)),SUMPRODUCT((BCC_MA=$B8)*IFERROR(VALUE(SUBSTITUTE($Y$6:$Y$100,"N","")),0)),SUMPRODUCT((BCC_MA=$B8)*IFERROR(VALUE(SUBSTITUTE($Z$6:$Z$100,"N","")),0)),SUMPRODUCT((BCC_MA=$B8)*IFERROR(VALUE(SUBSTITUTE($AA$6:$AA$100,"N","")),0)),SUMPRODUCT((BCC_MA=$B8)*IFERROR(VALUE(SUBSTITUTE($AB$6:$AB$100,"N","")),0)),SUMPRODUCT((BCC_MA=$B8)*IFERROR(VALUE(SUBSTITUTE($AC$6:$AC$100,"N","")),0)),SUMPRODUCT((BCC_MA=$B8)*IFERROR(VALUE(SUBSTITUTE($AD$6:$AD$100,"N","")),0)),SUMPRODUCT((BCC_MA=$B8)*IFERROR(VALUE(SUBSTITUTE($AE$6:$AE$100,"N","")),0)),SUMPRODUCT((BCC_MA=$B8)*IFERROR(VALUE(SUBSTITUTE($AF$6:$AF$100,"N","")),0)),SUMPRODUCT((BCC_MA=$B8)*IFERROR(VALUE(SUBSTITUTE($AG$6:$AG$100,"N","")),0)),SUMPRODUCT((BCC_MA=$B8)*IFERROR(VALUE(SUBSTITUTE($AH$6:$AH$100,"N","")),0)),SUMPRODUCT((BCC_MA=$B8)*IFERROR(VALUE(SUBSTITUTE($AI$6:$AI$100,"N","")),0)),SUMPRODUCT((BCC_MA=$B8)*IFERROR(VALUE(SUBSTITUTE($AJ$6:$AJ$100,"N","")),0)),SUMPRODUCT((BCC_MA=$B8)*IFERROR(VALUE(SUBSTITUTE($AK$6:$AK$100,"N","")),0)))) -> 29
A9: 4 | B9: RSS-04 | C9: =IF(B9="","",IFERROR(INDEX(NV_TEN,MATCH(B9,NV_MA,0)),"MÃ KHÔNG CÓ")) -> Trần Thắng | D9: RSS HAPĐ | F9: =IF(D9="","",IFERROR(INDEX(NH_GIO,MATCH(D9,NH_TEN,0)),"NHÓM?")) -> 8 | G9: 8 | H9: 8 | I9: 8 | J9: 8 | K9: 8 | L9: 8 | M9: 8 | N9: 8 | O9: 8 | P9: 8 | Q9: 8 | R9: 8 | S9: 8 | T9: 8 | U9: 8 | V9: 8 | W9: 8 | X9: 8 | Y9: 8 | Z9: 8 | AA9: 8 | AB9: 8 | AC9: 8 | AD9: 8 | AE9: 8 | AF9: 8 | AG9: 8 | AH9: 8 | AI9: 8 | AJ9: 8 | AK9: 8 | AL9: =IF(B9="","",SUMPRODUCT(IFERROR(VALUE(SUBSTITUTE(G9:AK9,"N","")),0))) -> 248 | AM9: =IF(B9="","",AL9/F9) -> 31 | AN9: =IF(B9="","",SUMPRODUCT(ISNUMBER(SEARCH("N",G9:AK9))*IFERROR(VALUE(SUBSTITUTE(G9:AK9,"N","")),0))/F9) -> 0 | AR9: =IF(B9="",0,MAX(SUMPRODUCT((BCC_MA=$B9)*IFERROR(VALUE(SUBSTITUTE($G$6:$G$100,"N","")),0)),SUMPRODUCT((BCC_MA=$B9)*IFERROR(VALUE(SUBSTITUTE($H$6:$H$100,"N","")),0)),SUMPRODUCT((BCC_MA=$B9)*IFERROR(VALUE(SUBSTITUTE($I$6:$I$100,"N","")),0)),SUMPRODUCT((BCC_MA=$B9)*IFERROR(VALUE(SUBSTITUTE($J$6:$J$100,"N","")),0)),SUMPRODUCT((BCC_MA=$B9)*IFERROR(VALUE(SUBSTITUTE($K$6:$K$100,"N","")),0)),SUMPRODUCT((BCC_MA=$B9)*IFERROR(VALUE(SUBSTITUTE($L$6:$L$100,"N","")),0)),SUMPRODUCT((BCC_MA=$B9)*IFERROR(VALUE(SUBSTITUTE($M$6:$M$100,"N","")),0)),SUMPRODUCT((BCC_MA=$B9)*IFERROR(VALUE(SUBSTITUTE($N$6:$N$100,"N","")),0)),SUMPRODUCT((BCC_MA=$B9)*IFERROR(VALUE(SUBSTITUTE($O$6:$O$100,"N","")),0)),SUMPRODUCT((BCC_MA=$B9)*IFERROR(VALUE(SUBSTITUTE($P$6:$P$100,"N","")),0)),SUMPRODUCT((BCC_MA=$B9)*IFERROR(VALUE(SUBSTITUTE($Q$6:$Q$100,"N","")),0)),SUMPRODUCT((BCC_MA=$B9)*IFERROR(VALUE(SUBSTITUTE($R$6:$R$100,"N","")),0)),SUMPRODUCT((BCC_MA=$B9)*IFERROR(VALUE(SUBSTITUTE($S$6:$S$100,"N","")),0)),SUMPRODUCT((BCC_MA=$B9)*IFERROR(VALUE(SUBSTITUTE($T$6:$T$100,"N","")),0)),SUMPRODUCT((BCC_MA=$B9)*IFERROR(VALUE(SUBSTITUTE($U$6:$U$100,"N","")),0)),SUMPRODUCT((BCC_MA=$B9)*IFERROR(VALUE(SUBSTITUTE($V$6:$V$100,"N","")),0)),SUMPRODUCT((BCC_MA=$B9)*IFERROR(VALUE(SUBSTITUTE($W$6:$W$100,"N","")),0)),SUMPRODUCT((BCC_MA=$B9)*IFERROR(VALUE(SUBSTITUTE($X$6:$X$100,"N","")),0)),SUMPRODUCT((BCC_MA=$B9)*IFERROR(VALUE(SUBSTITUTE($Y$6:$Y$100,"N","")),0)),SUMPRODUCT((BCC_MA=$B9)*IFERROR(VALUE(SUBSTITUTE($Z$6:$Z$100,"N","")),0)),SUMPRODUCT((BCC_MA=$B9)*IFERROR(VALUE(SUBSTITUTE($AA$6:$AA$100,"N","")),0)),SUMPRODUCT((BCC_MA=$B9)*IFERROR(VALUE(SUBSTITUTE($AB$6:$AB$100,"N","")),0)),SUMPRODUCT((BCC_MA=$B9)*IFERROR(VALUE(SUBSTITUTE($AC$6:$AC$100,"N","")),0)),SUMPRODUCT((BCC_MA=$B9)*IFERROR(VALUE(SUBSTITUTE($AD$6:$AD$100,"N","")),0)),SUMPRODUCT((BCC_MA=$B9)*IFERROR(VALUE(SUBSTITUTE($AE$6:$AE$100,"N","")),0)),SUMPRODUCT((BCC_MA=$B9)*IFERROR(VALUE(SUBSTITUTE($AF$6:$AF$100,"N","")),0)),SUMPRODUCT((BCC_MA=$B9)*IFERROR(VALUE(SUBSTITUTE($AG$6:$AG$100,"N","")),0)),SUMPRODUCT((BCC_MA=$B9)*IFERROR(VALUE(SUBSTITUTE($AH$6:$AH$100,"N","")),0)),SUMPRODUCT((BCC_MA=$B9)*IFERROR(VALUE(SUBSTITUTE($AI$6:$AI$100,"N","")),0)),SUMPRODUCT((BCC_MA=$B9)*IFERROR(VALUE(SUBSTITUTE($AJ$6:$AJ$100,"N","")),0)),SUMPRODUCT((BCC_MA=$B9)*IFERROR(VALUE(SUBSTITUTE($AK$6:$AK$100,"N","")),0)))) -> 20
A10: 5 | B10: RSS-05 | C10: =IF(B10="","",IFERROR(INDEX(NV_TEN,MATCH(B10,NV_MA,0)),"MÃ KHÔNG CÓ")) -> Trần Phước Hùng | D10: RSS HAPĐ | F10: =IF(D10="","",IFERROR(INDEX(NH_GIO,MATCH(D10,NH_TEN,0)),"NHÓM?")) -> 8 | H10: 8 | K10: 8 | L10: 8 | M10: 8 | N10: 10 | O10: 8 | P10: 8 | Q10: 10 | R10: 8 | S10: 8 | T10: 8.5 | U10: 8 | V10: 8 | W10: 8 | X10: 8 | Y10: 8 | Z10: 8 | AA10: 8 | AB10: 8 | AC10: 8 | AF10: 10 | AG10: 8 | AI10: 8 | AJ10: 8 | AK10: 8 | AL10: =IF(B10="","",SUMPRODUCT(IFERROR(VALUE(SUBSTITUTE(G10:AK10,"N","")),0))) -> 206.5 | AM10: =IF(B10="","",AL10/F10) -> 25.8125 | AN10: =IF(B10="","",SUMPRODUCT(ISNUMBER(SEARCH("N",G10:AK10))*IFERROR(VALUE(SUBSTITUTE(G10:AK10,"N","")),0))/F10) -> 0 | AR10: =IF(B10="",0,MAX(SUMPRODUCT((BCC_MA=$B10)*IFERROR(VALUE(SUBSTITUTE($G$6:$G$100,"N","")),0)),SUMPRODUCT((BCC_MA=$B10)*IFERROR(VALUE(SUBSTITUTE($H$6:$H$100,"N","")),0)),SUMPRODUCT((BCC_MA=$B10)*IFERROR(VALUE(SUBSTITUTE($I$6:$I$100,"N","")),0)),SUMPRODUCT((BCC_MA=$B10)*IFERROR(VALUE(SUBSTITUTE($J$6:$J$100,"N","")),0)),SUMPRODUCT((BCC_MA=$B10)*IFERROR(VALUE(SUBSTITUTE($K$6:$K$100,"N","")),0)),SUMPRODUCT((BCC_MA=$B10)*IFERROR(VALUE(SUBSTITUTE($L$6:$L$100,"N","")),0)),SUMPRODUCT((BCC_MA=$B10)*IFERROR(VALUE(SUBSTITUTE($M$6:$M$100,"N","")),0)),SUMPRODUCT((BCC_MA=$B10)*IFERROR(VALUE(SUBSTITUTE($N$6:$N$100,"N","")),0)),SUMPRODUCT((BCC_MA=$B10)*IFERROR(VALUE(SUBSTITUTE($O$6:$O$100,"N","")),0)),SUMPRODUCT((BCC_MA=$B10)*IFERROR(VALUE(SUBSTITUTE($P$6:$P$100,"N","")),0)),SUMPRODUCT((BCC_MA=$B10)*IFERROR(VALUE(SUBSTITUTE($Q$6:$Q$100,"N","")),0)),SUMPRODUCT((BCC_MA=$B10)*IFERROR(VALUE(SUBSTITUTE($R$6:$R$100,"N","")),0)),SUMPRODUCT((BCC_MA=$B10)*IFERROR(VALUE(SUBSTITUTE($S$6:$S$100,"N","")),0)),SUMPRODUCT((BCC_MA=$B10)*IFERROR(VALUE(SUBSTITUTE($T$6:$T$100,"N","")),0)),SUMPRODUCT((BCC_MA=$B10)*IFERROR(VALUE(SUBSTITUTE($U$6:$U$100,"N","")),0)),SUMPRODUCT((BCC_MA=$B10)*IFERROR(VALUE(SUBSTITUTE($V$6:$V$100,"N","")),0)),SUMPRODUCT((BCC_MA=$B10)*IFERROR(VALUE(SUBSTITUTE($W$6:$W$100,"N","")),0)),SUMPRODUCT((BCC_MA=$B10)*IFERROR(VALUE(SUBSTITUTE($X$6:$X$100,"N","")),0)),SUMPRODUCT((BCC_MA=$B10)*IFERROR(VALUE(SUBSTITUTE($Y$6:$Y$100,"N","")),0)),SUMPRODUCT((BCC_MA=$B10)*IFERROR(VALUE(SUBSTITUTE($Z$6:$Z$100,"N","")),0)),SUMPRODUCT((BCC_MA=$B10)*IFERROR(VALUE(SUBSTITUTE($AA$6:$AA$100,"N","")),0)),SUMPRODUCT((BCC_MA=$B10)*IFERROR(VALUE(SUBSTITUTE($AB$6:$AB$100,"N","")),0)),SUMPRODUCT((BCC_MA=$B10)*IFERROR(VALUE(SUBSTITUTE($AC$6:$AC$100,"N","")),0)),SUMPRODUCT((BCC_MA=$B10)*IFERROR(VALUE(SUBSTITUTE($AD$6:$AD$100,"N","")),0)),SUMPRODUCT((BCC_MA=$B10)*IFERROR(VALUE(SUBSTITUTE($AE$6:$AE$100,"N","")),0)),SUMPRODUCT((BCC_MA=$B10)*IFERROR(VALUE(SUBSTITUTE($AF$6:$AF$100,"N","")),0)),SUMPRODUCT((BCC_MA=$B10)*IFERROR(VALUE(SUBSTITUTE($AG$6:$AG$100,"N","")),0)),SUMPRODUCT((BCC_MA=$B10)*IFERROR(VALUE(SUBSTITUTE($AH$6:$AH$100,"N","")),0)),SUMPRODUCT((BCC_MA=$B10)*IFERROR(VALUE(SUBSTITUTE($AI$6:$AI$100,"N","")),0)),SUMPRODUCT((BCC_MA=$B10)*IFERROR(VALUE(SUBSTITUTE($AJ$6:$AJ$100,"N","")),0)),SUMPRODUCT((BCC_MA=$B10)*IFERROR(VALUE(SUBSTITUTE($AK$6:$AK$100,"N","")),0)))) -> 10
A11: 6 | B11: RSS-06 | C11: =IF(B11="","",IFERROR(INDEX(NV_TEN,MATCH(B11,NV_MA,0)),"MÃ KHÔNG CÓ")) -> Lê Thị Hảo | D11: RSS HAPĐ | F11: =IF(D11="","",IFERROR(INDEX(NH_GIO,MATCH(D11,NH_TEN,0)),"NHÓM?")) -> 8 | G11: 8 | AF11: 10 | AG11: 8 | AH11: 10 | AI11: 8 | AJ11: 8 | AK11: 8 | AL11: =IF(B11="","",SUMPRODUCT(IFERROR(VALUE(SUBSTITUTE(G11:AK11,"N","")),0))) -> 60 | AM11: =IF(B11="","",AL11/F11) -> 7.5 | AN11: =IF(B11="","",SUMPRODUCT(ISNUMBER(SEARCH("N",G11:AK11))*IFERROR(VALUE(SUBSTITUTE(G11:AK11,"N","")),0))/F11) -> 0 | AR11: =IF(B11="",0,MAX(SUMPRODUCT((BCC_MA=$B11)*IFERROR(VALUE(SUBSTITUTE($G$6:$G$100,"N","")),0)),SUMPRODUCT((BCC_MA=$B11)*IFERROR(VALUE(SUBSTITUTE($H$6:$H$100,"N","")),0)),SUMPRODUCT((BCC_MA=$B11)*IFERROR(VALUE(SUBSTITUTE($I$6:$I$100,"N","")),0)),SUMPRODUCT((BCC_MA=$B11)*IFERROR(VALUE(SUBSTITUTE($J$6:$J$100,"N","")),0)),SUMPRODUCT((BCC_MA=$B11)*IFERROR(VALUE(SUBSTITUTE($K$6:$K$100,"N","")),0)),SUMPRODUCT((BCC_MA=$B11)*IFERROR(VALUE(SUBSTITUTE($L$6:$L$100,"N","")),0)),SUMPRODUCT((BCC_MA=$B11)*IFERROR(VALUE(SUBSTITUTE($M$6:$M$100,"N","")),0)),SUMPRODUCT((BCC_MA=$B11)*IFERROR(VALUE(SUBSTITUTE($N$6:$N$100,"N","")),0)),SUMPRODUCT((BCC_MA=$B11)*IFERROR(VALUE(SUBSTITUTE($O$6:$O$100,"N","")),0)),SUMPRODUCT((BCC_MA=$B11)*IFERROR(VALUE(SUBSTITUTE($P$6:$P$100,"N","")),0)),SUMPRODUCT((BCC_MA=$B11)*IFERROR(VALUE(SUBSTITUTE($Q$6:$Q$100,"N","")),0)),SUMPRODUCT((BCC_MA=$B11)*IFERROR(VALUE(SUBSTITUTE($R$6:$R$100,"N","")),0)),SUMPRODUCT((BCC_MA=$B11)*IFERROR(VALUE(SUBSTITUTE($S$6:$S$100,"N","")),0)),SUMPRODUCT((BCC_MA=$B11)*IFERROR(VALUE(SUBSTITUTE($T$6:$T$100,"N","")),0)),SUMPRODUCT((BCC_MA=$B11)*IFERROR(VALUE(SUBSTITUTE($U$6:$U$100,"N","")),0)),SUMPRODUCT((BCC_MA=$B11)*IFERROR(VALUE(SUBSTITUTE($V$6:$V$100,"N","")),0)),SUMPRODUCT((BCC_MA=$B11)*IFERROR(VALUE(SUBSTITUTE($W$6:$W$100,"N","")),0)),SUMPRODUCT((BCC_MA=$B11)*IFERROR(VALUE(SUBSTITUTE($X$6:$X$100,"N","")),0)),SUMPRODUCT((BCC_MA=$B11)*IFERROR(VALUE(SUBSTITUTE($Y$6:$Y$100,"N","")),0)),SUMPRODUCT((BCC_MA=$B11)*IFERROR(VALUE(SUBSTITUTE($Z$6:$Z$100,"N","")),0)),SUMPRODUCT((BCC_MA=$B11)*IFERROR(VALUE(SUBSTITUTE($AA$6:$AA$100,"N","")),0)),SUMPRODUCT((BCC_MA=$B11)*IFERROR(VALUE(SUBSTITUTE($AB$6:$AB$100,"N","")),0)),SUMPRODUCT((BCC_MA=$B11)*IFERROR(VALUE(SUBSTITUTE($AC$6:$AC$100,"N","")),0)),SUMPRODUCT((BCC_MA=$B11)*IFERROR(VALUE(SUBSTITUTE($AD$6:$AD$100,"N","")),0)),SUMPRODUCT((BCC_MA=$B11)*IFERROR(VALUE(SUBSTITUTE($AE$6:$AE$100,"N","")),0)),SUMPRODUCT((BCC_MA=$B11)*IFERROR(VALUE(SUBSTITUTE($AF$6:$AF$100,"N","")),0)),SUMPRODUCT((BCC_MA=$B11)*IFERROR(VALUE(SUBSTITUTE($AG$6:$AG$100,"N","")),0)),SUMPRODUCT((BCC_MA=$B11)*IFERROR(VALUE(SUBSTITUTE($AH$6:$AH$100,"N","")),0)),SUMPRODUCT((BCC_MA=$B11)*IFERROR(VALUE(SUBSTITUTE($AI$6:$AI$100,"N","")),0)),SUMPRODUCT((BCC_MA=$B11)*IFERROR(VALUE(SUBSTITUTE($AJ$6:$AJ$100,"N","")),0)),SUMPRODUCT((BCC_MA=$B11)*IFERROR(VALUE(SUBSTITUTE($AK$6:$AK$100,"N","")),0)))) -> 10
A12: 7 | B12: RSS-07 | C12: =IF(B12="","",IFERROR(INDEX(NV_TEN,MATCH(B12,NV_MA,0)),"MÃ KHÔNG CÓ")) -> Dương Thị Huệ | D12: RSS HAPĐ | F12: =IF(D12="","",IFERROR(INDEX(NH_GIO,MATCH(D12,NH_TEN,0)),"NHÓM?")) -> 8 | G12: 8 | H12: 8 | I12: 8 | K12: 8 | L12: 8 | M12: 8 | N12: 10 | O12: 8 | P12: 8 | Q12: 8 | R12: 8 | S12: 8 | T12: 8.5 | U12: 8 | W12: 8 | Y12: 8 | Z12: 8 | AA12: 8 | AB12: 8 | AC12: 10 | AD12: 12.5 | AE12: 8 | AF12: 10 | AG12: 8 | AH12: 10 | AI12: 8 | AL12: =IF(B12="","",SUMPRODUCT(IFERROR(VALUE(SUBSTITUTE(G12:AK12,"N","")),0))) -> 221 | AM12: =IF(B12="","",AL12/F12) -> 27.625 | AN12: =IF(B12="","",SUMPRODUCT(ISNUMBER(SEARCH("N",G12:AK12))*IFERROR(VALUE(SUBSTITUTE(G12:AK12,"N","")),0))/F12) -> 0 | AR12: =IF(B12="",0,MAX(SUMPRODUCT((BCC_MA=$B12)*IFERROR(VALUE(SUBSTITUTE($G$6:$G$100,"N","")),0)),SUMPRODUCT((BCC_MA=$B12)*IFERROR(VALUE(SUBSTITUTE($H$6:$H$100,"N","")),0)),SUMPRODUCT((BCC_MA=$B12)*IFERROR(VALUE(SUBSTITUTE($I$6:$I$100,"N","")),0)),SUMPRODUCT((BCC_MA=$B12)*IFERROR(VALUE(SUBSTITUTE($J$6:$J$100,"N","")),0)),SUMPRODUCT((BCC_MA=$B12)*IFERROR(VALUE(SUBSTITUTE($K$6:$K$100,"N","")),0)),SUMPRODUCT((BCC_MA=$B12)*IFERROR(VALUE(SUBSTITUTE($L$6:$L$100,"N","")),0)),SUMPRODUCT((BCC_MA=$B12)*IFERROR(VALUE(SUBSTITUTE($M$6:$M$100,"N","")),0)),SUMPRODUCT((BCC_MA=$B12)*IFERROR(VALUE(SUBSTITUTE($N$6:$N$100,"N","")),0)),SUMPRODUCT((BCC_MA=$B12)*IFERROR(VALUE(SUBSTITUTE($O$6:$O$100,"N","")),0)),SUMPRODUCT((BCC_MA=$B12)*IFERROR(VALUE(SUBSTITUTE($P$6:$P$100,"N","")),0)),SUMPRODUCT((BCC_MA=$B12)*IFERROR(VALUE(SUBSTITUTE($Q$6:$Q$100,"N","")),0)),SUMPRODUCT((BCC_MA=$B12)*IFERROR(VALUE(SUBSTITUTE($R$6:$R$100,"N","")),0)),SUMPRODUCT((BCC_MA=$B12)*IFERROR(VALUE(SUBSTITUTE($S$6:$S$100,"N","")),0)),SUMPRODUCT((BCC_MA=$B12)*IFERROR(VALUE(SUBSTITUTE($T$6:$T$100,"N","")),0)),SUMPRODUCT((BCC_MA=$B12)*IFERROR(VALUE(SUBSTITUTE($U$6:$U$100,"N","")),0)),SUMPRODUCT((BCC_MA=$B12)*IFERROR(VALUE(SUBSTITUTE($V$6:$V$100,"N","")),0)),SUMPRODUCT((BCC_MA=$B12)*IFERROR(VALUE(SUBSTITUTE($W$6:$W$100,"N","")),0)),SUMPRODUCT((BCC_MA=$B12)*IFERROR(VALUE(SUBSTITUTE($X$6:$X$100,"N","")),0)),SUMPRODUCT((BCC_MA=$B12)*IFERROR(VALUE(SUBSTITUTE($Y$6:$Y$100,"N","")),0)),SUMPRODUCT((BCC_MA=$B12)*IFERROR(VALUE(SUBSTITUTE($Z$6:$Z$100,"N","")),0)),SUMPRODUCT((BCC_MA=$B12)*IFERROR(VALUE(SUBSTITUTE($AA$6:$AA$100,"N","")),0)),SUMPRODUCT((BCC_MA=$B12)*IFERROR(VALUE(SUBSTITUTE($AB$6:$AB$100,"N","")),0)),SUMPRODUCT((BCC_MA=$B12)*IFERROR(VALUE(SUBSTITUTE($AC$6:$AC$100,"N","")),0)),SUMPRODUCT((BCC_MA=$B12)*IFERROR(VALUE(SUBSTITUTE($AD$6:$AD$100,"N","")),0)),SUMPRODUCT((BCC_MA=$B12)*IFERROR(VALUE(SUBSTITUTE($AE$6:$AE$100,"N","")),0)),SUMPRODUCT((BCC_MA=$B12)*IFERROR(VALUE(SUBSTITUTE($AF$6:$AF$100,"N","")),0)),SUMPRODUCT((BCC_MA=$B12)*IFERROR(VALUE(SUBSTITUTE($AG$6:$AG$100,"N","")),0)),SUMPRODUCT((BCC_MA=$B12)*IFERROR(VALUE(SUBSTITUTE($AH$6:$AH$100,"N","")),0)),SUMPRODUCT((BCC_MA=$B12)*IFERROR(VALUE(SUBSTITUTE($AI$6:$AI$100,"N","")),0)),SUMPRODUCT((BCC_MA=$B12)*IFERROR(VALUE(SUBSTITUTE($AJ$6:$AJ$100,"N","")),0)),SUMPRODUCT((BCC_MA=$B12)*IFERROR(VALUE(SUBSTITUTE($AK$6:$AK$100,"N","")),0)))) -> 12.5
A13: 8 | B13: RSS-08 | C13: =IF(B13="","",IFERROR(INDEX(NV_TEN,MATCH(B13,NV_MA,0)),"MÃ KHÔNG CÓ")) -> Lê Thị Như Ý | D13: RSS HAPĐ | F13: =IF(D13="","",IFERROR(INDEX(NH_GIO,MATCH(D13,NH_TEN,0)),"NHÓM?")) -> 8 | G13: 8 | H13: 8 | I13: 8 | K13: 8 | L13: 8 | AL13: =IF(B13="","",SUMPRODUCT(IFERROR(VALUE(SUBSTITUTE(G13:AK13,"N","")),0))) -> 40 | AM13: =IF(B13="","",AL13/F13) -> 5 | AN13: =IF(B13="","",SUMPRODUCT(ISNUMBER(SEARCH("N",G13:AK13))*IFERROR(VALUE(SUBSTITUTE(G13:AK13,"N","")),0))/F13) -> 0 | AR13: =IF(B13="",0,MAX(SUMPRODUCT((BCC_MA=$B13)*IFERROR(VALUE(SUBSTITUTE($G$6:$G$100,"N","")),0)),SUMPRODUCT((BCC_MA=$B13)*IFERROR(VALUE(SUBSTITUTE($H$6:$H$100,"N","")),0)),SUMPRODUCT((BCC_MA=$B13)*IFERROR(VALUE(SUBSTITUTE($I$6:$I$100,"N","")),0)),SUMPRODUCT((BCC_MA=$B13)*IFERROR(VALUE(SUBSTITUTE($J$6:$J$100,"N","")),0)),SUMPRODUCT((BCC_MA=$B13)*IFERROR(VALUE(SUBSTITUTE($K$6:$K$100,"N","")),0)),SUMPRODUCT((BCC_MA=$B13)*IFERROR(VALUE(SUBSTITUTE($L$6:$L$100,"N","")),0)),SUMPRODUCT((BCC_MA=$B13)*IFERROR(VALUE(SUBSTITUTE($M$6:$M$100,"N","")),0)),SUMPRODUCT((BCC_MA=$B13)*IFERROR(VALUE(SUBSTITUTE($N$6:$N$100,"N","")),0)),SUMPRODUCT((BCC_MA=$B13)*IFERROR(VALUE(SUBSTITUTE($O$6:$O$100,"N","")),0)),SUMPRODUCT((BCC_MA=$B13)*IFERROR(VALUE(SUBSTITUTE($P$6:$P$100,"N","")),0)),SUMPRODUCT((BCC_MA=$B13)*IFERROR(VALUE(SUBSTITUTE($Q$6:$Q$100,"N","")),0)),SUMPRODUCT((BCC_MA=$B13)*IFERROR(VALUE(SUBSTITUTE($R$6:$R$100,"N","")),0)),SUMPRODUCT((BCC_MA=$B13)*IFERROR(VALUE(SUBSTITUTE($S$6:$S$100,"N","")),0)),SUMPRODUCT((BCC_MA=$B13)*IFERROR(VALUE(SUBSTITUTE($T$6:$T$100,"N","")),0)),SUMPRODUCT((BCC_MA=$B13)*IFERROR(VALUE(SUBSTITUTE($U$6:$U$100,"N","")),0)),SUMPRODUCT((BCC_MA=$B13)*IFERROR(VALUE(SUBSTITUTE($V$6:$V$100,"N","")),0)),SUMPRODUCT((BCC_MA=$B13)*IFERROR(VALUE(SUBSTITUTE($W$6:$W$100,"N","")),0)),SUMPRODUCT((BCC_MA=$B13)*IFERROR(VALUE(SUBSTITUTE($X$6:$X$100,"N","")),0)),SUMPRODUCT((BCC_MA=$B13)*IFERROR(VALUE(SUBSTITUTE($Y$6:$Y$100,"N","")),0)),SUMPRODUCT((BCC_MA=$B13)*IFERROR(VALUE(SUBSTITUTE($Z$6:$Z$100,"N","")),0)),SUMPRODUCT((BCC_MA=$B13)*IFERROR(VALUE(SUBSTITUTE($AA$6:$AA$100,"N","")),0)),SUMPRODUCT((BCC_MA=$B13)*IFERROR(VALUE(SUBSTITUTE($AB$6:$AB$100,"N","")),0)),SUMPRODUCT((BCC_MA=$B13)*IFERROR(VALUE(SUBSTITUTE($AC$6:$AC$100,"N","")),0)),SUMPRODUCT((BCC_MA=$B13)*IFERROR(VALUE(SUBSTITUTE($AD$6:$AD$100,"N","")),0)),SUMPRODUCT((BCC_MA=$B13)*IFERROR(VALUE(SUBSTITUTE($AE$6:$AE$100,"N","")),0)),SUMPRODUCT((BCC_MA=$B13)*IFERROR(VALUE(SUBSTITUTE($AF$6:$AF$100,"N","")),0)),SUMPRODUCT((BCC_MA=$B13)*IFERROR(VALUE(SUBSTITUTE($AG$6:$AG$100,"N","")),0)),SUMPRODUCT((BCC_MA=$B13)*IFERROR(VALUE(SUBSTITUTE($AH$6:$AH$100,"N","")),0)),SUMPRODUCT((BCC_MA=$B13)*IFERROR(VALUE(SUBSTITUTE($AI$6:$AI$100,"N","")),0)),SUMPRODUCT((BCC_MA=$B13)*IFERROR(VALUE(SUBSTITUTE($AJ$6:$AJ$100,"N","")),0)),SUMPRODUCT((BCC_MA=$B13)*IFERROR(VALUE(SUBSTITUTE($AK$6:$AK$100,"N","")),0)))) -> 8
A14: 9 | B14: RSS-09 | C14: =IF(B14="","",IFERROR(INDEX(NV_TEN,MATCH(B14,NV_MA,0)),"MÃ KHÔNG CÓ")) -> Nguyễn Thị Thùy Trang | D14: RSS HAPĐ | F14: =IF(D14="","",IFERROR(INDEX(NH_GIO,MATCH(D14,NH_TEN,0)),"NHÓM?")) -> 8 | G14: 8 | H14: 8 | I14: 8 | K14: 8 | L14: 8 | M14: 8 | N14: 10 | O14: 8 | P14: 8 | Q14: 8 | R14: 8 | S14: 8 | T14: 8.5 | U14: 8 | V14: 8 | W14: 8 | X14: 8 | Y14: 8 | Z14: 8 | AA14: 8 | AB14: 8 | AC14: 10 | AD14: 12.5 | AE14: 8 | AF14: 10 | AG14: 8 | AH14: 10 | AI14: 8 | AK14: 8 | AL14: =IF(B14="","",SUMPRODUCT(IFERROR(VALUE(SUBSTITUTE(G14:AK14,"N","")),0))) -> 245 | AM14: =IF(B14="","",AL14/F14) -> 30.625 | AN14: =IF(B14="","",SUMPRODUCT(ISNUMBER(SEARCH("N",G14:AK14))*IFERROR(VALUE(SUBSTITUTE(G14:AK14,"N","")),0))/F14) -> 0 | AR14: =IF(B14="",0,MAX(SUMPRODUCT((BCC_MA=$B14)*IFERROR(VALUE(SUBSTITUTE($G$6:$G$100,"N","")),0)),SUMPRODUCT((BCC_MA=$B14)*IFERROR(VALUE(SUBSTITUTE($H$6:$H$100,"N","")),0)),SUMPRODUCT((BCC_MA=$B14)*IFERROR(VALUE(SUBSTITUTE($I$6:$I$100,"N","")),0)),SUMPRODUCT((BCC_MA=$B14)*IFERROR(VALUE(SUBSTITUTE($J$6:$J$100,"N","")),0)),SUMPRODUCT((BCC_MA=$B14)*IFERROR(VALUE(SUBSTITUTE($K$6:$K$100,"N","")),0)),SUMPRODUCT((BCC_MA=$B14)*IFERROR(VALUE(SUBSTITUTE($L$6:$L$100,"N","")),0)),SUMPRODUCT((BCC_MA=$B14)*IFERROR(VALUE(SUBSTITUTE($M$6:$M$100,"N","")),0)),SUMPRODUCT((BCC_MA=$B14)*IFERROR(VALUE(SUBSTITUTE($N$6:$N$100,"N","")),0)),SUMPRODUCT((BCC_MA=$B14)*IFERROR(VALUE(SUBSTITUTE($O$6:$O$100,"N","")),0)),SUMPRODUCT((BCC_MA=$B14)*IFERROR(VALUE(SUBSTITUTE($P$6:$P$100,"N","")),0)),SUMPRODUCT((BCC_MA=$B14)*IFERROR(VALUE(SUBSTITUTE($Q$6:$Q$100,"N","")),0)),SUMPRODUCT((BCC_MA=$B14)*IFERROR(VALUE(SUBSTITUTE($R$6:$R$100,"N","")),0)),SUMPRODUCT((BCC_MA=$B14)*IFERROR(VALUE(SUBSTITUTE($S$6:$S$100,"N","")),0)),SUMPRODUCT((BCC_MA=$B14)*IFERROR(VALUE(SUBSTITUTE($T$6:$T$100,"N","")),0)),SUMPRODUCT((BCC_MA=$B14)*IFERROR(VALUE(SUBSTITUTE($U$6:$U$100,"N","")),0)),SUMPRODUCT((BCC_MA=$B14)*IFERROR(VALUE(SUBSTITUTE($V$6:$V$100,"N","")),0)),SUMPRODUCT((BCC_MA=$B14)*IFERROR(VALUE(SUBSTITUTE($W$6:$W$100,"N","")),0)),SUMPRODUCT((BCC_MA=$B14)*IFERROR(VALUE(SUBSTITUTE($X$6:$X$100,"N","")),0)),SUMPRODUCT((BCC_MA=$B14)*IFERROR(VALUE(SUBSTITUTE($Y$6:$Y$100,"N","")),0)),SUMPRODUCT((BCC_MA=$B14)*IFERROR(VALUE(SUBSTITUTE($Z$6:$Z$100,"N","")),0)),SUMPRODUCT((BCC_MA=$B14)*IFERROR(VALUE(SUBSTITUTE($AA$6:$AA$100,"N","")),0)),SUMPRODUCT((BCC_MA=$B14)*IFERROR(VALUE(SUBSTITUTE($AB$6:$AB$100,"N","")),0)),SUMPRODUCT((BCC_MA=$B14)*IFERROR(VALUE(SUBSTITUTE($AC$6:$AC$100,"N","")),0)),SUMPRODUCT((BCC_MA=$B14)*IFERROR(VALUE(SUBSTITUTE($AD$6:$AD$100,"N","")),0)),SUMPRODUCT((BCC_MA=$B14)*IFERROR(VALUE(SUBSTITUTE($AE$6:$AE$100,"N","")),0)),SUMPRODUCT((BCC_MA=$B14)*IFERROR(VALUE(SUBSTITUTE($AF$6:$AF$100,"N","")),0)),SUMPRODUCT((BCC_MA=$B14)*IFERROR(VALUE(SUBSTITUTE($AG$6:$AG$100,"N","")),0)),SUMPRODUCT((BCC_MA=$B14)*IFERROR(VALUE(SUBSTITUTE($AH$6:$AH$100,"N","")),0)),SUMPRODUCT((BCC_MA=$B14)*IFERROR(VALUE(SUBSTITUTE($AI$6:$AI$100,"N","")),0)),SUMPRODUCT((BCC_MA=$B14)*IFERROR(VALUE(SUBSTITUTE($AJ$6:$AJ$100,"N","")),0)),SUMPRODUCT((BCC_MA=$B14)*IFERROR(VALUE(SUBSTITUTE($AK$6:$AK$100,"N","")),0)))) -> 12.5
A15: 10 | B15: RSS-10 | C15: =IF(B15="","",IFERROR(INDEX(NV_TEN,MATCH(B15,NV_MA,0)),"MÃ KHÔNG CÓ")) -> Võ Thị Ngọc Ánh | D15: RSS HAPĐ | F15: =IF(D15="","",IFERROR(INDEX(NH_GIO,MATCH(D15,NH_TEN,0)),"NHÓM?")) -> 8 | H15: 8 | I15: 8 | K15: 8 | L15: 8 | M15: 8 | N15: 10 | P15: 8 | Q15: 8 | R15: 8 | S15: 8 | T15: 8.5 | U15: 8 | W15: 8 | X15: 8 | Y15: 8 | Z15: 8 | AA15: 8 | AB15: 8 | AC15: 10 | AD15: 12.5 | AE15: 8 | AF15: 10 | AG15: 4 | AH15: 10 | AI15: 8 | AJ15: 8 | AK15: 8 | AL15: =IF(B15="","",SUMPRODUCT(IFERROR(VALUE(SUBSTITUTE(G15:AK15,"N","")),0))) -> 225 | AM15: =IF(B15="","",AL15/F15) -> 28.125 | AN15: =IF(B15="","",SUMPRODUCT(ISNUMBER(SEARCH("N",G15:AK15))*IFERROR(VALUE(SUBSTITUTE(G15:AK15,"N","")),0))/F15) -> 0 | AR15: =IF(B15="",0,MAX(SUMPRODUCT((BCC_MA=$B15)*IFERROR(VALUE(SUBSTITUTE($G$6:$G$100,"N","")),0)),SUMPRODUCT((BCC_MA=$B15)*IFERROR(VALUE(SUBSTITUTE($H$6:$H$100,"N","")),0)),SUMPRODUCT((BCC_MA=$B15)*IFERROR(VALUE(SUBSTITUTE($I$6:$I$100,"N","")),0)),SUMPRODUCT((BCC_MA=$B15)*IFERROR(VALUE(SUBSTITUTE($J$6:$J$100,"N","")),0)),SUMPRODUCT((BCC_MA=$B15)*IFERROR(VALUE(SUBSTITUTE($K$6:$K$100,"N","")),0)),SUMPRODUCT((BCC_MA=$B15)*IFERROR(VALUE(SUBSTITUTE($L$6:$L$100,"N","")),0)),SUMPRODUCT((BCC_MA=$B15)*IFERROR(VALUE(SUBSTITUTE($M$6:$M$100,"N","")),0)),SUMPRODUCT((BCC_MA=$B15)*IFERROR(VALUE(SUBSTITUTE($N$6:$N$100,"N","")),0)),SUMPRODUCT((BCC_MA=$B15)*IFERROR(VALUE(SUBSTITUTE($O$6:$O$100,"N","")),0)),SUMPRODUCT((BCC_MA=$B15)*IFERROR(VALUE(SUBSTITUTE($P$6:$P$100,"N","")),0)),SUMPRODUCT((BCC_MA=$B15)*IFERROR(VALUE(SUBSTITUTE($Q$6:$Q$100,"N","")),0)),SUMPRODUCT((BCC_MA=$B15)*IFERROR(VALUE(SUBSTITUTE($R$6:$R$100,"N","")),0)),SUMPRODUCT((BCC_MA=$B15)*IFERROR(VALUE(SUBSTITUTE($S$6:$S$100,"N","")),0)),SUMPRODUCT((BCC_MA=$B15)*IFERROR(VALUE(SUBSTITUTE($T$6:$T$100,"N","")),0)),SUMPRODUCT((BCC_MA=$B15)*IFERROR(VALUE(SUBSTITUTE($U$6:$U$100,"N","")),0)),SUMPRODUCT((BCC_MA=$B15)*IFERROR(VALUE(SUBSTITUTE($V$6:$V$100,"N","")),0)),SUMPRODUCT((BCC_MA=$B15)*IFERROR(VALUE(SUBSTITUTE($W$6:$W$100,"N","")),0)),SUMPRODUCT((BCC_MA=$B15)*IFERROR(VALUE(SUBSTITUTE($X$6:$X$100,"N","")),0)),SUMPRODUCT((BCC_MA=$B15)*IFERROR(VALUE(SUBSTITUTE($Y$6:$Y$100,"N","")),0)),SUMPRODUCT((BCC_MA=$B15)*IFERROR(VALUE(SUBSTITUTE($Z$6:$Z$100,"N","")),0)),SUMPRODUCT((BCC_MA=$B15)*IFERROR(VALUE(SUBSTITUTE($AA$6:$AA$100,"N","")),0)),SUMPRODUCT((BCC_MA=$B15)*IFERROR(VALUE(SUBSTITUTE($AB$6:$AB$100,"N","")),0)),SUMPRODUCT((BCC_MA=$B15)*IFERROR(VALUE(SUBSTITUTE($AC$6:$AC$100,"N","")),0)),SUMPRODUCT((BCC_MA=$B15)*IFERROR(VALUE(SUBSTITUTE($AD$6:$AD$100,"N","")),0)),SUMPRODUCT((BCC_MA=$B15)*IFERROR(VALUE(SUBSTITUTE($AE$6:$AE$100,"N","")),0)),SUMPRODUCT((BCC_MA=$B15)*IFERROR(VALUE(SUBSTITUTE($AF$6:$AF$100,"N","")),0)),SUMPRODUCT((BCC_MA=$B15)*IFERROR(VALUE(SUBSTITUTE($AG$6:$AG$100,"N","")),0)),SUMPRODUCT((BCC_MA=$B15)*IFERROR(VALUE(SUBSTITUTE($AH$6:$AH$100,"N","")),0)),SUMPRODUCT((BCC_MA=$B15)*IFERROR(VALUE(SUBSTITUTE($AI$6:$AI$100,"N","")),0)),SUMPRODUCT((BCC_MA=$B15)*IFERROR(VALUE(SUBSTITUTE($AJ$6:$AJ$100,"N","")),0)),SUMPRODUCT((BCC_MA=$B15)*IFERROR(VALUE(SUBSTITUTE($AK$6:$AK$100,"N","")),0)))) -> 12.5
A16: 11 | B16: RSS-11 | C16: =IF(B16="","",IFERROR(INDEX(NV_TEN,MATCH(B16,NV_MA,0)),"MÃ KHÔNG CÓ")) -> Lê Thị Hiên | D16: RSS HAPĐ | F16: =IF(D16="","",IFERROR(INDEX(NH_GIO,MATCH(D16,NH_TEN,0)),"NHÓM?")) -> 8 | G16: 8 | I16: 8 | K16: 8 | AL16: =IF(B16="","",SUMPRODUCT(IFERROR(VALUE(SUBSTITUTE(G16:AK16,"N","")),0))) -> 24 | AM16: =IF(B16="","",AL16/F16) -> 3 | AN16: =IF(B16="","",SUMPRODUCT(ISNUMBER(SEARCH("N",G16:AK16))*IFERROR(VALUE(SUBSTITUTE(G16:AK16,"N","")),0))/F16) -> 0 | AR16: =IF(B16="",0,MAX(SUMPRODUCT((BCC_MA=$B16)*IFERROR(VALUE(SUBSTITUTE($G$6:$G$100,"N","")),0)),SUMPRODUCT((BCC_MA=$B16)*IFERROR(VALUE(SUBSTITUTE($H$6:$H$100,"N","")),0)),SUMPRODUCT((BCC_MA=$B16)*IFERROR(VALUE(SUBSTITUTE($I$6:$I$100,"N","")),0)),SUMPRODUCT((BCC_MA=$B16)*IFERROR(VALUE(SUBSTITUTE($J$6:$J$100,"N","")),0)),SUMPRODUCT((BCC_MA=$B16)*IFERROR(VALUE(SUBSTITUTE($K$6:$K$100,"N","")),0)),SUMPRODUCT((BCC_MA=$B16)*IFERROR(VALUE(SUBSTITUTE($L$6:$L$100,"N","")),0)),SUMPRODUCT((BCC_MA=$B16)*IFERROR(VALUE(SUBSTITUTE($M$6:$M$100,"N","")),0)),SUMPRODUCT((BCC_MA=$B16)*IFERROR(VALUE(SUBSTITUTE($N$6:$N$100,"N","")),0)),SUMPRODUCT((BCC_MA=$B16)*IFERROR(VALUE(SUBSTITUTE($O$6:$O$100,"N","")),0)),SUMPRODUCT((BCC_MA=$B16)*IFERROR(VALUE(SUBSTITUTE($P$6:$P$100,"N","")),0)),SUMPRODUCT((BCC_MA=$B16)*IFERROR(VALUE(SUBSTITUTE($Q$6:$Q$100,"N","")),0)),SUMPRODUCT((BCC_MA=$B16)*IFERROR(VALUE(SUBSTITUTE($R$6:$R$100,"N","")),0)),SUMPRODUCT((BCC_MA=$B16)*IFERROR(VALUE(SUBSTITUTE($S$6:$S$100,"N","")),0)),SUMPRODUCT((BCC_MA=$B16)*IFERROR(VALUE(SUBSTITUTE($T$6:$T$100,"N","")),0)),SUMPRODUCT((BCC_MA=$B16)*IFERROR(VALUE(SUBSTITUTE($U$6:$U$100,"N","")),0)),SUMPRODUCT((BCC_MA=$B16)*IFERROR(VALUE(SUBSTITUTE($V$6:$V$100,"N","")),0)),SUMPRODUCT((BCC_MA=$B16)*IFERROR(VALUE(SUBSTITUTE($W$6:$W$100,"N","")),0)),SUMPRODUCT((BCC_MA=$B16)*IFERROR(VALUE(SUBSTITUTE($X$6:$X$100,"N","")),0)),SUMPRODUCT((BCC_MA=$B16)*IFERROR(VALUE(SUBSTITUTE($Y$6:$Y$100,"N","")),0)),SUMPRODUCT((BCC_MA=$B16)*IFERROR(VALUE(SUBSTITUTE($Z$6:$Z$100,"N","")),0)),SUMPRODUCT((BCC_MA=$B16)*IFERROR(VALUE(SUBSTITUTE($AA$6:$AA$100,"N","")),0)),SUMPRODUCT((BCC_MA=$B16)*IFERROR(VALUE(SUBSTITUTE($AB$6:$AB$100,"N","")),0)),SUMPRODUCT((BCC_MA=$B16)*IFERROR(VALUE(SUBSTITUTE($AC$6:$AC$100,"N","")),0)),SUMPRODUCT((BCC_MA=$B16)*IFERROR(VALUE(SUBSTITUTE($AD$6:$AD$100,"N","")),0)),SUMPRODUCT((BCC_MA=$B16)*IFERROR(VALUE(SUBSTITUTE($AE$6:$AE$100,"N","")),0)),SUMPRODUCT((BCC_MA=$B16)*IFERROR(VALUE(SUBSTITUTE($AF$6:$AF$100,"N","")),0)),SUMPRODUCT((BCC_MA=$B16)*IFERROR(VALUE(SUBSTITUTE($AG$6:$AG$100,"N","")),0)),SUMPRODUCT((BCC_MA=$B16)*IFERROR(VALUE(SUBSTITUTE($AH$6:$AH$100,"N","")),0)),SUMPRODUCT((BCC_MA=$B16)*IFERROR(VALUE(SUBSTITUTE($AI$6:$AI$100,"N","")),0)),SUMPRODUCT((BCC_MA=$B16)*IFERROR(VALUE(SUBSTITUTE($AJ$6:$AJ$100,"N","")),0)),SUMPRODUCT((BCC_MA=$B16)*IFERROR(VALUE(SUBSTITUTE($AK$6:$AK$100,"N","")),0)))) -> 8
A17: 12 | B17: RSS-12 | C17: =IF(B17="","",IFERROR(INDEX(NV_TEN,MATCH(B17,NV_MA,0)),"MÃ KHÔNG CÓ")) -> Phan Thị Như Nghĩa | D17: RSS HAPĐ | F17: =IF(D17="","",IFERROR(INDEX(NH_GIO,MATCH(D17,NH_TEN,0)),"NHÓM?")) -> 8 | G17: 8 | H17: 8 | I17: 8 | K17: 4 | AL17: =IF(B17="","",SUMPRODUCT(IFERROR(VALUE(SUBSTITUTE(G17:AK17,"N","")),0))) -> 28 | AM17: =IF(B17="","",AL17/F17) -> 3.5 | AN17: =IF(B17="","",SUMPRODUCT(ISNUMBER(SEARCH("N",G17:AK17))*IFERROR(VALUE(SUBSTITUTE(G17:AK17,"N","")),0))/F17) -> 0 | AR17: =IF(B17="",0,MAX(SUMPRODUCT((BCC_MA=$B17)*IFERROR(VALUE(SUBSTITUTE($G$6:$G$100,"N","")),0)),SUMPRODUCT((BCC_MA=$B17)*IFERROR(VALUE(SUBSTITUTE($H$6:$H$100,"N","")),0)),SUMPRODUCT((BCC_MA=$B17)*IFERROR(VALUE(SUBSTITUTE($I$6:$I$100,"N","")),0)),SUMPRODUCT((BCC_MA=$B17)*IFERROR(VALUE(SUBSTITUTE($J$6:$J$100,"N","")),0)),SUMPRODUCT((BCC_MA=$B17)*IFERROR(VALUE(SUBSTITUTE($K$6:$K$100,"N","")),0)),SUMPRODUCT((BCC_MA=$B17)*IFERROR(VALUE(SUBSTITUTE($L$6:$L$100,"N","")),0)),SUMPRODUCT((BCC_MA=$B17)*IFERROR(VALUE(SUBSTITUTE($M$6:$M$100,"N","")),0)),SUMPRODUCT((BCC_MA=$B17)*IFERROR(VALUE(SUBSTITUTE($N$6:$N$100,"N","")),0)),SUMPRODUCT((BCC_MA=$B17)*IFERROR(VALUE(SUBSTITUTE($O$6:$O$100,"N","")),0)),SUMPRODUCT((BCC_MA=$B17)*IFERROR(VALUE(SUBSTITUTE($P$6:$P$100,"N","")),0)),SUMPRODUCT((BCC_MA=$B17)*IFERROR(VALUE(SUBSTITUTE($Q$6:$Q$100,"N","")),0)),SUMPRODUCT((BCC_MA=$B17)*IFERROR(VALUE(SUBSTITUTE($R$6:$R$100,"N","")),0)),SUMPRODUCT((BCC_MA=$B17)*IFERROR(VALUE(SUBSTITUTE($S$6:$S$100,"N","")),0)),SUMPRODUCT((BCC_MA=$B17)*IFERROR(VALUE(SUBSTITUTE($T$6:$T$100,"N","")),0)),SUMPRODUCT((BCC_MA=$B17)*IFERROR(VALUE(SUBSTITUTE($U$6:$U$100,"N","")),0)),SUMPRODUCT((BCC_MA=$B17)*IFERROR(VALUE(SUBSTITUTE($V$6:$V$100,"N","")),0)),SUMPRODUCT((BCC_MA=$B17)*IFERROR(VALUE(SUBSTITUTE($W$6:$W$100,"N","")),0)),SUMPRODUCT((BCC_MA=$B17)*IFERROR(VALUE(SUBSTITUTE($X$6:$X$100,"N","")),0)),SUMPRODUCT((BCC_MA=$B17)*IFERROR(VALUE(SUBSTITUTE($Y$6:$Y$100,"N","")),0)),SUMPRODUCT((BCC_MA=$B17)*IFERROR(VALUE(SUBSTITUTE($Z$6:$Z$100,"N","")),0)),SUMPRODUCT((BCC_MA=$B17)*IFERROR(VALUE(SUBSTITUTE($AA$6:$AA$100,"N","")),0)),SUMPRODUCT((BCC_MA=$B17)*IFERROR(VALUE(SUBSTITUTE($AB$6:$AB$100,"N","")),0)),SUMPRODUCT((BCC_MA=$B17)*IFERROR(VALUE(SUBSTITUTE($AC$6:$AC$100,"N","")),0)),SUMPRODUCT((BCC_MA=$B17)*IFERROR(VALUE(SUBSTITUTE($AD$6:$AD$100,"N","")),0)),SUMPRODUCT((BCC_MA=$B17)*IFERROR(VALUE(SUBSTITUTE($AE$6:$AE$100,"N","")),0)),SUMPRODUCT((BCC_MA=$B17)*IFERROR(VALUE(SUBSTITUTE($AF$6:$AF$100,"N","")),0)),SUMPRODUCT((BCC_MA=$B17)*IFERROR(VALUE(SUBSTITUTE($AG$6:$AG$100,"N","")),0)),SUMPRODUCT((BCC_MA=$B17)*IFERROR(VALUE(SUBSTITUTE($AH$6:$AH$100,"N","")),0)),SUMPRODUCT((BCC_MA=$B17)*IFERROR(VALUE(SUBSTITUTE($AI$6:$AI$100,"N","")),0)),SUMPRODUCT((BCC_MA=$B17)*IFERROR(VALUE(SUBSTITUTE($AJ$6:$AJ$100,"N","")),0)),SUMPRODUCT((BCC_MA=$B17)*IFERROR(VALUE(SUBSTITUTE($AK$6:$AK$100,"N","")),0)))) -> 8
A18: 13 | B18: RSS-13 | C18: =IF(B18="","",IFERROR(INDEX(NV_TEN,MATCH(B18,NV_MA,0)),"MÃ KHÔNG CÓ")) -> Nguyễn Quyền | D18: RSS HAPĐ | F18: =IF(D18="","",IFERROR(INDEX(NH_GIO,MATCH(D18,NH_TEN,0)),"NHÓM?")) -> 8 | G18: 8 | H18: 8 | I18: 8 | K18: 8 | L18: 8 | P18: 8 | Q18: 8 | R18: 8 | S18: 8 | T18: 8 | U18: 8 | V18: 8 | X18: 8 | Y18: 8 | AL18: =IF(B18="","",SUMPRODUCT(IFERROR(VALUE(SUBSTITUTE(G18:AK18,"N","")),0))) -> 112 | AM18: =IF(B18="","",AL18/F18) -> 14 | AN18: =IF(B18="","",SUMPRODUCT(ISNUMBER(SEARCH("N",G18:AK18))*IFERROR(VALUE(SUBSTITUTE(G18:AK18,"N","")),0))/F18) -> 0 | AR18: =IF(B18="",0,MAX(SUMPRODUCT((BCC_MA=$B18)*IFERROR(VALUE(SUBSTITUTE($G$6:$G$100,"N","")),0)),SUMPRODUCT((BCC_MA=$B18)*IFERROR(VALUE(SUBSTITUTE($H$6:$H$100,"N","")),0)),SUMPRODUCT((BCC_MA=$B18)*IFERROR(VALUE(SUBSTITUTE($I$6:$I$100,"N","")),0)),SUMPRODUCT((BCC_MA=$B18)*IFERROR(VALUE(SUBSTITUTE($J$6:$J$100,"N","")),0)),SUMPRODUCT((BCC_MA=$B18)*IFERROR(VALUE(SUBSTITUTE($K$6:$K$100,"N","")),0)),SUMPRODUCT((BCC_MA=$B18)*IFERROR(VALUE(SUBSTITUTE($L$6:$L$100,"N","")),0)),SUMPRODUCT((BCC_MA=$B18)*IFERROR(VALUE(SUBSTITUTE($M$6:$M$100,"N","")),0)),SUMPRODUCT((BCC_MA=$B18)*IFERROR(VALUE(SUBSTITUTE($N$6:$N$100,"N","")),0)),SUMPRODUCT((BCC_MA=$B18)*IFERROR(VALUE(SUBSTITUTE($O$6:$O$100,"N","")),0)),SUMPRODUCT((BCC_MA=$B18)*IFERROR(VALUE(SUBSTITUTE($P$6:$P$100,"N","")),0)),SUMPRODUCT((BCC_MA=$B18)*IFERROR(VALUE(SUBSTITUTE($Q$6:$Q$100,"N","")),0)),SUMPRODUCT((BCC_MA=$B18)*IFERROR(VALUE(SUBSTITUTE($R$6:$R$100,"N","")),0)),SUMPRODUCT((BCC_MA=$B18)*IFERROR(VALUE(SUBSTITUTE($S$6:$S$100,"N","")),0)),SUMPRODUCT((BCC_MA=$B18)*IFERROR(VALUE(SUBSTITUTE($T$6:$T$100,"N","")),0)),SUMPRODUCT((BCC_MA=$B18)*IFERROR(VALUE(SUBSTITUTE($U$6:$U$100,"N","")),0)),SUMPRODUCT((BCC_MA=$B18)*IFERROR(VALUE(SUBSTITUTE($V$6:$V$100,"N","")),0)),SUMPRODUCT((BCC_MA=$B18)*IFERROR(VALUE(SUBSTITUTE($W$6:$W$100,"N","")),0)),SUMPRODUCT((BCC_MA=$B18)*IFERROR(VALUE(SUBSTITUTE($X$6:$X$100,"N","")),0)),SUMPRODUCT((BCC_MA=$B18)*IFERROR(VALUE(SUBSTITUTE($Y$6:$Y$100,"N","")),0)),SUMPRODUCT((BCC_MA=$B18)*IFERROR(VALUE(SUBSTITUTE($Z$6:$Z$100,"N","")),0)),SUMPRODUCT((BCC_MA=$B18)*IFERROR(VALUE(SUBSTITUTE($AA$6:$AA$100,"N","")),0)),SUMPRODUCT((BCC_MA=$B18)*IFERROR(VALUE(SUBSTITUTE($AB$6:$AB$100,"N","")),0)),SUMPRODUCT((BCC_MA=$B18)*IFERROR(VALUE(SUBSTITUTE($AC$6:$AC$100,"N","")),0)),SUMPRODUCT((BCC_MA=$B18)*IFERROR(VALUE(SUBSTITUTE($AD$6:$AD$100,"N","")),0)),SUMPRODUCT((BCC_MA=$B18)*IFERROR(VALUE(SUBSTITUTE($AE$6:$AE$100,"N","")),0)),SUMPRODUCT((BCC_MA=$B18)*IFERROR(VALUE(SUBSTITUTE($AF$6:$AF$100,"N","")),0)),SUMPRODUCT((BCC_MA=$B18)*IFERROR(VALUE(SUBSTITUTE($AG$6:$AG$100,"N","")),0)),SUMPRODUCT((BCC_MA=$B18)*IFERROR(VALUE(SUBSTITUTE($AH$6:$AH$100,"N","")),0)),SUMPRODUCT((BCC_MA=$B18)*IFERROR(VALUE(SUBSTITUTE($AI$6:$AI$100,"N","")),0)),SUMPRODUCT((BCC_MA=$B18)*IFERROR(VALUE(SUBSTITUTE($AJ$6:$AJ$100,"N","")),0)),SUMPRODUCT((BCC_MA=$B18)*IFERROR(VALUE(SUBSTITUTE($AK$6:$AK$100,"N","")),0)))) -> 8
A19: 14 | B19: RSS-14 | C19: =IF(B19="","",IFERROR(INDEX(NV_TEN,MATCH(B19,NV_MA,0)),"MÃ KHÔNG CÓ")) -> Lê Quốc Vượng | D19: RSS HAPĐ | F19: =IF(D19="","",IFERROR(INDEX(NH_GIO,MATCH(D19,NH_TEN,0)),"NHÓM?")) -> 8 | H19: 8 | I19: 8 | AL19: =IF(B19="","",SUMPRODUCT(IFERROR(VALUE(SUBSTITUTE(G19:AK19,"N","")),0))) -> 16 | AM19: =IF(B19="","",AL19/F19) -> 2 | AN19: =IF(B19="","",SUMPRODUCT(ISNUMBER(SEARCH("N",G19:AK19))*IFERROR(VALUE(SUBSTITUTE(G19:AK19,"N","")),0))/F19) -> 0 | AR19: =IF(B19="",0,MAX(SUMPRODUCT((BCC_MA=$B19)*IFERROR(VALUE(SUBSTITUTE($G$6:$G$100,"N","")),0)),SUMPRODUCT((BCC_MA=$B19)*IFERROR(VALUE(SUBSTITUTE($H$6:$H$100,"N","")),0)),SUMPRODUCT((BCC_MA=$B19)*IFERROR(VALUE(SUBSTITUTE($I$6:$I$100,"N","")),0)),SUMPRODUCT((BCC_MA=$B19)*IFERROR(VALUE(SUBSTITUTE($J$6:$J$100,"N","")),0)),SUMPRODUCT((BCC_MA=$B19)*IFERROR(VALUE(SUBSTITUTE($K$6:$K$100,"N","")),0)),SUMPRODUCT((BCC_MA=$B19)*IFERROR(VALUE(SUBSTITUTE($L$6:$L$100,"N","")),0)),SUMPRODUCT((BCC_MA=$B19)*IFERROR(VALUE(SUBSTITUTE($M$6:$M$100,"N","")),0)),SUMPRODUCT((BCC_MA=$B19)*IFERROR(VALUE(SUBSTITUTE($N$6:$N$100,"N","")),0)),SUMPRODUCT((BCC_MA=$B19)*IFERROR(VALUE(SUBSTITUTE($O$6:$O$100,"N","")),0)),SUMPRODUCT((BCC_MA=$B19)*IFERROR(VALUE(SUBSTITUTE($P$6:$P$100,"N","")),0)),SUMPRODUCT((BCC_MA=$B19)*IFERROR(VALUE(SUBSTITUTE($Q$6:$Q$100,"N","")),0)),SUMPRODUCT((BCC_MA=$B19)*IFERROR(VALUE(SUBSTITUTE($R$6:$R$100,"N","")),0)),SUMPRODUCT((BCC_MA=$B19)*IFERROR(VALUE(SUBSTITUTE($S$6:$S$100,"N","")),0)),SUMPRODUCT((BCC_MA=$B19)*IFERROR(VALUE(SUBSTITUTE($T$6:$T$100,"N","")),0)),SUMPRODUCT((BCC_MA=$B19)*IFERROR(VALUE(SUBSTITUTE($U$6:$U$100,"N","")),0)),SUMPRODUCT((BCC_MA=$B19)*IFERROR(VALUE(SUBSTITUTE($V$6:$V$100,"N","")),0)),SUMPRODUCT((BCC_MA=$B19)*IFERROR(VALUE(SUBSTITUTE($W$6:$W$100,"N","")),0)),SUMPRODUCT((BCC_MA=$B19)*IFERROR(VALUE(SUBSTITUTE($X$6:$X$100,"N","")),0)),SUMPRODUCT((BCC_MA=$B19)*IFERROR(VALUE(SUBSTITUTE($Y$6:$Y$100,"N","")),0)),SUMPRODUCT((BCC_MA=$B19)*IFERROR(VALUE(SUBSTITUTE($Z$6:$Z$100,"N","")),0)),SUMPRODUCT((BCC_MA=$B19)*IFERROR(VALUE(SUBSTITUTE($AA$6:$AA$100,"N","")),0)),SUMPRODUCT((BCC_MA=$B19)*IFERROR(VALUE(SUBSTITUTE($AB$6:$AB$100,"N","")),0)),SUMPRODUCT((BCC_MA=$B19)*IFERROR(VALUE(SUBSTITUTE($AC$6:$AC$100,"N","")),0)),SUMPRODUCT((BCC_MA=$B19)*IFERROR(VALUE(SUBSTITUTE($AD$6:$AD$100,"N","")),0)),SUMPRODUCT((BCC_MA=$B19)*IFERROR(VALUE(SUBSTITUTE($AE$6:$AE$100,"N","")),0)),SUMPRODUCT((BCC_MA=$B19)*IFERROR(VALUE(SUBSTITUTE($AF$6:$AF$100,"N","")),0)),SUMPRODUCT((BCC_MA=$B19)*IFERROR(VALUE(SUBSTITUTE($AG$6:$AG$100,"N","")),0)),SUMPRODUCT((BCC_MA=$B19)*IFERROR(VALUE(SUBSTITUTE($AH$6:$AH$100,"N","")),0)),SUMPRODUCT((BCC_MA=$B19)*IFERROR(VALUE(SUBSTITUTE($AI$6:$AI$100,"N","")),0)),SUMPRODUCT((BCC_MA=$B19)*IFERROR(VALUE(SUBSTITUTE($AJ$6:$AJ$100,"N","")),0)),SUMPRODUCT((BCC_MA=$B19)*IFERROR(VALUE(SUBSTITUTE($AK$6:$AK$100,"N","")),0)))) -> 8
A20: 15 | B20: RSS-15 | C20: =IF(B20="","",IFERROR(INDEX(NV_TEN,MATCH(B20,NV_MA,0)),"MÃ KHÔNG CÓ")) -> Ngô Quý Anh Tuấn | D20: RSS HAPĐ | F20: =IF(D20="","",IFERROR(INDEX(NH_GIO,MATCH(D20,NH_TEN,0)),"NHÓM?")) -> 8 | G20: 8 | H20: 8 | I20: 8 | J20: 8 | K20: 8 | L20: 8 | AL20: =IF(B20="","",SUMPRODUCT(IFERROR(VALUE(SUBSTITUTE(G20:AK20,"N","")),0))) -> 48 | AM20: =IF(B20="","",AL20/F20) -> 6 | AN20: =IF(B20="","",SUMPRODUCT(ISNUMBER(SEARCH("N",G20:AK20))*IFERROR(VALUE(SUBSTITUTE(G20:AK20,"N","")),0))/F20) -> 0 | AR20: =IF(B20="",0,MAX(SUMPRODUCT((BCC_MA=$B20)*IFERROR(VALUE(SUBSTITUTE($G$6:$G$100,"N","")),0)),SUMPRODUCT((BCC_MA=$B20)*IFERROR(VALUE(SUBSTITUTE($H$6:$H$100,"N","")),0)),SUMPRODUCT((BCC_MA=$B20)*IFERROR(VALUE(SUBSTITUTE($I$6:$I$100,"N","")),0)),SUMPRODUCT((BCC_MA=$B20)*IFERROR(VALUE(SUBSTITUTE($J$6:$J$100,"N","")),0)),SUMPRODUCT((BCC_MA=$B20)*IFERROR(VALUE(SUBSTITUTE($K$6:$K$100,"N","")),0)),SUMPRODUCT((BCC_MA=$B20)*IFERROR(VALUE(SUBSTITUTE($L$6:$L$100,"N","")),0)),SUMPRODUCT((BCC_MA=$B20)*IFERROR(VALUE(SUBSTITUTE($M$6:$M$100,"N","")),0)),SUMPRODUCT((BCC_MA=$B20)*IFERROR(VALUE(SUBSTITUTE($N$6:$N$100,"N","")),0)),SUMPRODUCT((BCC_MA=$B20)*IFERROR(VALUE(SUBSTITUTE($O$6:$O$100,"N","")),0)),SUMPRODUCT((BCC_MA=$B20)*IFERROR(VALUE(SUBSTITUTE($P$6:$P$100,"N","")),0)),SUMPRODUCT((BCC_MA=$B20)*IFERROR(VALUE(SUBSTITUTE($Q$6:$Q$100,"N","")),0)),SUMPRODUCT((BCC_MA=$B20)*IFERROR(VALUE(SUBSTITUTE($R$6:$R$100,"N","")),0)),SUMPRODUCT((BCC_MA=$B20)*IFERROR(VALUE(SUBSTITUTE($S$6:$S$100,"N","")),0)),SUMPRODUCT((BCC_MA=$B20)*IFERROR(VALUE(SUBSTITUTE($T$6:$T$100,"N","")),0)),SUMPRODUCT((BCC_MA=$B20)*IFERROR(VALUE(SUBSTITUTE($U$6:$U$100,"N","")),0)),SUMPRODUCT((BCC_MA=$B20)*IFERROR(VALUE(SUBSTITUTE($V$6:$V$100,"N","")),0)),SUMPRODUCT((BCC_MA=$B20)*IFERROR(VALUE(SUBSTITUTE($W$6:$W$100,"N","")),0)),SUMPRODUCT((BCC_MA=$B20)*IFERROR(VALUE(SUBSTITUTE($X$6:$X$100,"N","")),0)),SUMPRODUCT((BCC_MA=$B20)*IFERROR(VALUE(SUBSTITUTE($Y$6:$Y$100,"N","")),0)),SUMPRODUCT((BCC_MA=$B20)*IFERROR(VALUE(SUBSTITUTE($Z$6:$Z$100,"N","")),0)),SUMPRODUCT((BCC_MA=$B20)*IFERROR(VALUE(SUBSTITUTE($AA$6:$AA$100,"N","")),0)),SUMPRODUCT((BCC_MA=$B20)*IFERROR(VALUE(SUBSTITUTE($AB$6:$AB$100,"N","")),0)),SUMPRODUCT((BCC_MA=$B20)*IFERROR(VALUE(SUBSTITUTE($AC$6:$AC$100,"N","")),0)),SUMPRODUCT((BCC_MA=$B20)*IFERROR(VALUE(SUBSTITUTE($AD$6:$AD$100,"N","")),0)),SUMPRODUCT((BCC_MA=$B20)*IFERROR(VALUE(SUBSTITUTE($AE$6:$AE$100,"N","")),0)),SUMPRODUCT((BCC_MA=$B20)*IFERROR(VALUE(SUBSTITUTE($AF$6:$AF$100,"N","")),0)),SUMPRODUCT((BCC_MA=$B20)*IFERROR(VALUE(SUBSTITUTE($AG$6:$AG$100,"N","")),0)),SUMPRODUCT((BCC_MA=$B20)*IFERROR(VALUE(SUBSTITUTE($AH$6:$AH$100,"N","")),0)),SUMPRODUCT((BCC_MA=$B20)*IFERROR(VALUE(SUBSTITUTE($AI$6:$AI$100,"N","")),0)),SUMPRODUCT((BCC_MA=$B20)*IFERROR(VALUE(SUBSTITUTE($AJ$6:$AJ$100,"N","")),0)),SUMPRODUCT((BCC_MA=$B20)*IFERROR(VALUE(SUBSTITUTE($AK$6:$AK$100,"N","")),0)))) -> 8
A21: 16 | B21: RSS-03 | C21: =IF(B21="","",IFERROR(INDEX(NV_TEN,MATCH(B21,NV_MA,0)),"MÃ KHÔNG CÓ")) -> Lê Văn Nghị | D21: Trực lò | F21: =IF(D21="","",IFERROR(INDEX(NH_GIO,MATCH(D21,NH_TEN,0)),"NHÓM?")) -> 12 | H21: 12 | J21: 12 | L21: 12 | N21: 12 | P21: 12 | R21: 12 | T21: 12 | W21: 12 | Y21: 12 | AA21: 12 | AC21: 12 | AE21: 12 | AG21: 12 | AI21: 12 | AK21: 12 | AL21: =IF(B21="","",SUMPRODUCT(IFERROR(VALUE(SUBSTITUTE(G21:AK21,"N","")),0))) -> 180 | AM21: =IF(B21="","",AL21/F21) -> 15 | AN21: =IF(B21="","",SUMPRODUCT(ISNUMBER(SEARCH("N",G21:AK21))*IFERROR(VALUE(SUBSTITUTE(G21:AK21,"N","")),0))/F21) -> 0 | AR21: =IF(B21="",0,MAX(SUMPRODUCT((BCC_MA=$B21)*IFERROR(VALUE(SUBSTITUTE($G$6:$G$100,"N","")),0)),SUMPRODUCT((BCC_MA=$B21)*IFERROR(VALUE(SUBSTITUTE($H$6:$H$100,"N","")),0)),SUMPRODUCT((BCC_MA=$B21)*IFERROR(VALUE(SUBSTITUTE($I$6:$I$100,"N","")),0)),SUMPRODUCT((BCC_MA=$B21)*IFERROR(VALUE(SUBSTITUTE($J$6:$J$100,"N","")),0)),SUMPRODUCT((BCC_MA=$B21)*IFERROR(VALUE(SUBSTITUTE($K$6:$K$100,"N","")),0)),SUMPRODUCT((BCC_MA=$B21)*IFERROR(VALUE(SUBSTITUTE($L$6:$L$100,"N","")),0)),SUMPRODUCT((BCC_MA=$B21)*IFERROR(VALUE(SUBSTITUTE($M$6:$M$100,"N","")),0)),SUMPRODUCT((BCC_MA=$B21)*IFERROR(VALUE(SUBSTITUTE($N$6:$N$100,"N","")),0)),SUMPRODUCT((BCC_MA=$B21)*IFERROR(VALUE(SUBSTITUTE($O$6:$O$100,"N","")),0)),SUMPRODUCT((BCC_MA=$B21)*IFERROR(VALUE(SUBSTITUTE($P$6:$P$100,"N","")),0)),SUMPRODUCT((BCC_MA=$B21)*IFERROR(VALUE(SUBSTITUTE($Q$6:$Q$100,"N","")),0)),SUMPRODUCT((BCC_MA=$B21)*IFERROR(VALUE(SUBSTITUTE($R$6:$R$100,"N","")),0)),SUMPRODUCT((BCC_MA=$B21)*IFERROR(VALUE(SUBSTITUTE($S$6:$S$100,"N","")),0)),SUMPRODUCT((BCC_MA=$B21)*IFERROR(VALUE(SUBSTITUTE($T$6:$T$100,"N","")),0)),SUMPRODUCT((BCC_MA=$B21)*IFERROR(VALUE(SUBSTITUTE($U$6:$U$100,"N","")),0)),SUMPRODUCT((BCC_MA=$B21)*IFERROR(VALUE(SUBSTITUTE($V$6:$V$100,"N","")),0)),SUMPRODUCT((BCC_MA=$B21)*IFERROR(VALUE(SUBSTITUTE($W$6:$W$100,"N","")),0)),SUMPRODUCT((BCC_MA=$B21)*IFERROR(VALUE(SUBSTITUTE($X$6:$X$100,"N","")),0)),SUMPRODUCT((BCC_MA=$B21)*IFERROR(VALUE(SUBSTITUTE($Y$6:$Y$100,"N","")),0)),SUMPRODUCT((BCC_MA=$B21)*IFERROR(VALUE(SUBSTITUTE($Z$6:$Z$100,"N","")),0)),SUMPRODUCT((BCC_MA=$B21)*IFERROR(VALUE(SUBSTITUTE($AA$6:$AA$100,"N","")),0)),SUMPRODUCT((BCC_MA=$B21)*IFERROR(VALUE(SUBSTITUTE($AB$6:$AB$100,"N","")),0)),SUMPRODUCT((BCC_MA=$B21)*IFERROR(VALUE(SUBSTITUTE($AC$6:$AC$100,"N","")),0)),SUMPRODUCT((BCC_MA=$B21)*IFERROR(VALUE(SUBSTITUTE($AD$6:$AD$100,"N","")),0)),SUMPRODUCT((BCC_MA=$B21)*IFERROR(VALUE(SUBSTITUTE($AE$6:$AE$100,"N","")),0)),SUMPRODUCT((BCC_MA=$B21)*IFERROR(VALUE(SUBSTITUTE($AF$6:$AF$100,"N","")),0)),SUMPRODUCT((BCC_MA=$B21)*IFERROR(VALUE(SUBSTITUTE($AG$6:$AG$100,"N","")),0)),SUMPRODUCT((BCC_MA=$B21)*IFERROR(VALUE(SUBSTITUTE($AH$6:$AH$100,"N","")),0)),SUMPRODUCT((BCC_MA=$B21)*IFERROR(VALUE(SUBSTITUTE($AI$6:$AI$100,"N","")),0)),SUMPRODUCT((BCC_MA=$B21)*IFERROR(VALUE(SUBSTITUTE($AJ$6:$AJ$100,"N","")),0)),SUMPRODUCT((BCC_MA=$B21)*IFERROR(VALUE(SUBSTITUTE($AK$6:$AK$100,"N","")),0)))) -> 29
A22: 17 | B22: RSS-04 | C22: =IF(B22="","",IFERROR(INDEX(NV_TEN,MATCH(B22,NV_MA,0)),"MÃ KHÔNG CÓ")) -> Trần Thắng | D22: Trực lò | F22: =IF(D22="","",IFERROR(INDEX(NH_GIO,MATCH(D22,NH_TEN,0)),"NHÓM?")) -> 12 | G22: 12 | I22: 12 | K22: 12 | M22: 12 | O22: 12 | S22: 12 | U22: 12 | V22: 12 | X22: 12 | Z22: 12 | AB22: 12 | AD22: 12 | AF22: 12 | AH22: 12 | AJ22: 12 | AL22: =IF(B22="","",SUMPRODUCT(IFERROR(VALUE(SUBSTITUTE(G22:AK22,"N","")),0))) -> 180 | AM22: =IF(B22="","",AL22/F22) -> 15 | AN22: =IF(B22="","",SUMPRODUCT(ISNUMBER(SEARCH("N",G22:AK22))*IFERROR(VALUE(SUBSTITUTE(G22:AK22,"N","")),0))/F22) -> 0 | AR22: =IF(B22="",0,MAX(SUMPRODUCT((BCC_MA=$B22)*IFERROR(VALUE(SUBSTITUTE($G$6:$G$100,"N","")),0)),SUMPRODUCT((BCC_MA=$B22)*IFERROR(VALUE(SUBSTITUTE($H$6:$H$100,"N","")),0)),SUMPRODUCT((BCC_MA=$B22)*IFERROR(VALUE(SUBSTITUTE($I$6:$I$100,"N","")),0)),SUMPRODUCT((BCC_MA=$B22)*IFERROR(VALUE(SUBSTITUTE($J$6:$J$100,"N","")),0)),SUMPRODUCT((BCC_MA=$B22)*IFERROR(VALUE(SUBSTITUTE($K$6:$K$100,"N","")),0)),SUMPRODUCT((BCC_MA=$B22)*IFERROR(VALUE(SUBSTITUTE($L$6:$L$100,"N","")),0)),SUMPRODUCT((BCC_MA=$B22)*IFERROR(VALUE(SUBSTITUTE($M$6:$M$100,"N","")),0)),SUMPRODUCT((BCC_MA=$B22)*IFERROR(VALUE(SUBSTITUTE($N$6:$N$100,"N","")),0)),SUMPRODUCT((BCC_MA=$B22)*IFERROR(VALUE(SUBSTITUTE($O$6:$O$100,"N","")),0)),SUMPRODUCT((BCC_MA=$B22)*IFERROR(VALUE(SUBSTITUTE($P$6:$P$100,"N","")),0)),SUMPRODUCT((BCC_MA=$B22)*IFERROR(VALUE(SUBSTITUTE($Q$6:$Q$100,"N","")),0)),SUMPRODUCT((BCC_MA=$B22)*IFERROR(VALUE(SUBSTITUTE($R$6:$R$100,"N","")),0)),SUMPRODUCT((BCC_MA=$B22)*IFERROR(VALUE(SUBSTITUTE($S$6:$S$100,"N","")),0)),SUMPRODUCT((BCC_MA=$B22)*IFERROR(VALUE(SUBSTITUTE($T$6:$T$100,"N","")),0)),SUMPRODUCT((BCC_MA=$B22)*IFERROR(VALUE(SUBSTITUTE($U$6:$U$100,"N","")),0)),SUMPRODUCT((BCC_MA=$B22)*IFERROR(VALUE(SUBSTITUTE($V$6:$V$100,"N","")),0)),SUMPRODUCT((BCC_MA=$B22)*IFERROR(VALUE(SUBSTITUTE($W$6:$W$100,"N","")),0)),SUMPRODUCT((BCC_MA=$B22)*IFERROR(VALUE(SUBSTITUTE($X$6:$X$100,"N","")),0)),SUMPRODUCT((BCC_MA=$B22)*IFERROR(VALUE(SUBSTITUTE($Y$6:$Y$100,"N","")),0)),SUMPRODUCT((BCC_MA=$B22)*IFERROR(VALUE(SUBSTITUTE($Z$6:$Z$100,"N","")),0)),SUMPRODUCT((BCC_MA=$B22)*IFERROR(VALUE(SUBSTITUTE($AA$6:$AA$100,"N","")),0)),SUMPRODUCT((BCC_MA=$B22)*IFERROR(VALUE(SUBSTITUTE($AB$6:$AB$100,"N","")),0)),SUMPRODUCT((BCC_MA=$B22)*IFERROR(VALUE(SUBSTITUTE($AC$6:$AC$100,"N","")),0)),SUMPRODUCT((BCC_MA=$B22)*IFERROR(VALUE(SUBSTITUTE($AD$6:$AD$100,"N","")),0)),SUMPRODUCT((BCC_MA=$B22)*IFERROR(VALUE(SUBSTITUTE($AE$6:$AE$100,"N","")),0)),SUMPRODUCT((BCC_MA=$B22)*IFERROR(VALUE(SUBSTITUTE($AF$6:$AF$100,"N","")),0)),SUMPRODUCT((BCC_MA=$B22)*IFERROR(VALUE(SUBSTITUTE($AG$6:$AG$100,"N","")),0)),SUMPRODUCT((BCC_MA=$B22)*IFERROR(VALUE(SUBSTITUTE($AH$6:$AH$100,"N","")),0)),SUMPRODUCT((BCC_MA=$B22)*IFERROR(VALUE(SUBSTITUTE($AI$6:$AI$100,"N","")),0)),SUMPRODUCT((BCC_MA=$B22)*IFERROR(VALUE(SUBSTITUTE($AJ$6:$AJ$100,"N","")),0)),SUMPRODUCT((BCC_MA=$B22)*IFERROR(VALUE(SUBSTITUTE($AK$6:$AK$100,"N","")),0)))) -> 20
A23: 18 | B23: AL-02 | C23: =IF(B23="","",IFERROR(INDEX(NV_TEN,MATCH(B23,NV_MA,0)),"MÃ KHÔNG CÓ")) -> Hồ Thượng Thành | D23: A Lưới SX | F23: =IF(D23="","",IFERROR(INDEX(NH_GIO,MATCH(D23,NH_TEN,0)),"NHÓM?")) -> 8 | G23: 11 | I23: 12N | K23: 8 | L23: 8 | Q23: 8N | R23: 12N | S23: 8 | T23: 12 | AL23: =IF(B23="","",SUMPRODUCT(IFERROR(VALUE(SUBSTITUTE(G23:AK23,"N","")),0))) -> 79 | AM23: =IF(B23="","",AL23/F23) -> 9.875 | AN23: =IF(B23="","",SUMPRODUCT(ISNUMBER(SEARCH("N",G23:AK23))*IFERROR(VALUE(SUBSTITUTE(G23:AK23,"N","")),0))/F23) -> 4 | AR23: =IF(B23="",0,MAX(SUMPRODUCT((BCC_MA=$B23)*IFERROR(VALUE(SUBSTITUTE($G$6:$G$100,"N","")),0)),SUMPRODUCT((BCC_MA=$B23)*IFERROR(VALUE(SUBSTITUTE($H$6:$H$100,"N","")),0)),SUMPRODUCT((BCC_MA=$B23)*IFERROR(VALUE(SUBSTITUTE($I$6:$I$100,"N","")),0)),SUMPRODUCT((BCC_MA=$B23)*IFERROR(VALUE(SUBSTITUTE($J$6:$J$100,"N","")),0)),SUMPRODUCT((BCC_MA=$B23)*IFERROR(VALUE(SUBSTITUTE($K$6:$K$100,"N","")),0)),SUMPRODUCT((BCC_MA=$B23)*IFERROR(VALUE(SUBSTITUTE($L$6:$L$100,"N","")),0)),SUMPRODUCT((BCC_MA=$B23)*IFERROR(VALUE(SUBSTITUTE($M$6:$M$100,"N","")),0)),SUMPRODUCT((BCC_MA=$B23)*IFERROR(VALUE(SUBSTITUTE($N$6:$N$100,"N","")),0)),SUMPRODUCT((BCC_MA=$B23)*IFERROR(VALUE(SUBSTITUTE($O$6:$O$100,"N","")),0)),SUMPRODUCT((BCC_MA=$B23)*IFERROR(VALUE(SUBSTITUTE($P$6:$P$100,"N","")),0)),SUMPRODUCT((BCC_MA=$B23)*IFERROR(VALUE(SUBSTITUTE($Q$6:$Q$100,"N","")),0)),SUMPRODUCT((BCC_MA=$B23)*IFERROR(VALUE(SUBSTITUTE($R$6:$R$100,"N","")),0)),SUMPRODUCT((BCC_MA=$B23)*IFERROR(VALUE(SUBSTITUTE($S$6:$S$100,"N","")),0)),SUMPRODUCT((BCC_MA=$B23)*IFERROR(VALUE(SUBSTITUTE($T$6:$T$100,"N","")),0)),SUMPRODUCT((BCC_MA=$B23)*IFERROR(VALUE(SUBSTITUTE($U$6:$U$100,"N","")),0)),SUMPRODUCT((BCC_MA=$B23)*IFERROR(VALUE(SUBSTITUTE($V$6:$V$100,"N","")),0)),SUMPRODUCT((BCC_MA=$B23)*IFERROR(VALUE(SUBSTITUTE($W$6:$W$100,"N","")),0)),SUMPRODUCT((BCC_MA=$B23)*IFERROR(VALUE(SUBSTITUTE($X$6:$X$100,"N","")),0)),SUMPRODUCT((BCC_MA=$B23)*IFERROR(VALUE(SUBSTITUTE($Y$6:$Y$100,"N","")),0)),SUMPRODUCT((BCC_MA=$B23)*IFERROR(VALUE(SUBSTITUTE($Z$6:$Z$100,"N","")),0)),SUMPRODUCT((BCC_MA=$B23)*IFERROR(VALUE(SUBSTITUTE($AA$6:$AA$100,"N","")),0)),SUMPRODUCT((BCC_MA=$B23)*IFERROR(VALUE(SUBSTITUTE($AB$6:$AB$100,"N","")),0)),SUMPRODUCT((BCC_MA=$B23)*IFERROR(VALUE(SUBSTITUTE($AC$6:$AC$100,"N","")),0)),SUMPRODUCT((BCC_MA=$B23)*IFERROR(VALUE(SUBSTITUTE($AD$6:$AD$100,"N","")),0)),SUMPRODUCT((BCC_MA=$B23)*IFERROR(VALUE(SUBSTITUTE($AE$6:$AE$100,"N","")),0)),SUMPRODUCT((BCC_MA=$B23)*IFERROR(VALUE(SUBSTITUTE($AF$6:$AF$100,"N","")),0)),SUMPRODUCT((BCC_MA=$B23)*IFERROR(VALUE(SUBSTITUTE($AG$6:$AG$100,"N","")),0)),SUMPRODUCT((BCC_MA=$B23)*IFERROR(VALUE(SUBSTITUTE($AH$6:$AH$100,"N","")),0)),SUMPRODUCT((BCC_MA=$B23)*IFERROR(VALUE(SUBSTITUTE($AI$6:$AI$100,"N","")),0)),SUMPRODUCT((BCC_MA=$B23)*IFERROR(VALUE(SUBSTITUTE($AJ$6:$AJ$100,"N","")),0)),SUMPRODUCT((BCC_MA=$B23)*IFERROR(VALUE(SUBSTITUTE($AK$6:$AK$100,"N","")),0)))) -> 24
A24: 19 | B24: AL-03 | C24: =IF(B24="","",IFERROR(INDEX(NV_TEN,MATCH(B24,NV_MA,0)),"MÃ KHÔNG CÓ")) -> Hồ Thượng Thư | D24: A Lưới SX | F24: =IF(D24="","",IFERROR(INDEX(NH_GIO,MATCH(D24,NH_TEN,0)),"NHÓM?")) -> 8 | G24: 11 | I24: 12N | K24: 8 | L24: 8 | S24: 8 | T24: 12 | AL24: =IF(B24="","",SUMPRODUCT(IFERROR(VALUE(SUBSTITUTE(G24:AK24,"N","")),0))) -> 59 | AM24: =IF(B24="","",AL24/F24) -> 7.375 | AN24: =IF(B24="","",SUMPRODUCT(ISNUMBER(SEARCH("N",G24:AK24))*IFERROR(VALUE(SUBSTITUTE(G24:AK24,"N","")),0))/F24) -> 1.5 | AR24: =IF(B24="",0,MAX(SUMPRODUCT((BCC_MA=$B24)*IFERROR(VALUE(SUBSTITUTE($G$6:$G$100,"N","")),0)),SUMPRODUCT((BCC_MA=$B24)*IFERROR(VALUE(SUBSTITUTE($H$6:$H$100,"N","")),0)),SUMPRODUCT((BCC_MA=$B24)*IFERROR(VALUE(SUBSTITUTE($I$6:$I$100,"N","")),0)),SUMPRODUCT((BCC_MA=$B24)*IFERROR(VALUE(SUBSTITUTE($J$6:$J$100,"N","")),0)),SUMPRODUCT((BCC_MA=$B24)*IFERROR(VALUE(SUBSTITUTE($K$6:$K$100,"N","")),0)),SUMPRODUCT((BCC_MA=$B24)*IFERROR(VALUE(SUBSTITUTE($L$6:$L$100,"N","")),0)),SUMPRODUCT((BCC_MA=$B24)*IFERROR(VALUE(SUBSTITUTE($M$6:$M$100,"N","")),0)),SUMPRODUCT((BCC_MA=$B24)*IFERROR(VALUE(SUBSTITUTE($N$6:$N$100,"N","")),0)),SUMPRODUCT((BCC_MA=$B24)*IFERROR(VALUE(SUBSTITUTE($O$6:$O$100,"N","")),0)),SUMPRODUCT((BCC_MA=$B24)*IFERROR(VALUE(SUBSTITUTE($P$6:$P$100,"N","")),0)),SUMPRODUCT((BCC_MA=$B24)*IFERROR(VALUE(SUBSTITUTE($Q$6:$Q$100,"N","")),0)),SUMPRODUCT((BCC_MA=$B24)*IFERROR(VALUE(SUBSTITUTE($R$6:$R$100,"N","")),0)),SUMPRODUCT((BCC_MA=$B24)*IFERROR(VALUE(SUBSTITUTE($S$6:$S$100,"N","")),0)),SUMPRODUCT((BCC_MA=$B24)*IFERROR(VALUE(SUBSTITUTE($T$6:$T$100,"N","")),0)),SUMPRODUCT((BCC_MA=$B24)*IFERROR(VALUE(SUBSTITUTE($U$6:$U$100,"N","")),0)),SUMPRODUCT((BCC_MA=$B24)*IFERROR(VALUE(SUBSTITUTE($V$6:$V$100,"N","")),0)),SUMPRODUCT((BCC_MA=$B24)*IFERROR(VALUE(SUBSTITUTE($W$6:$W$100,"N","")),0)),SUMPRODUCT((BCC_MA=$B24)*IFERROR(VALUE(SUBSTITUTE($X$6:$X$100,"N","")),0)),SUMPRODUCT((BCC_MA=$B24)*IFERROR(VALUE(SUBSTITUTE($Y$6:$Y$100,"N","")),0)),SUMPRODUCT((BCC_MA=$B24)*IFERROR(VALUE(SUBSTITUTE($Z$6:$Z$100,"N","")),0)),SUMPRODUCT((BCC_MA=$B24)*IFERROR(VALUE(SUBSTITUTE($AA$6:$AA$100,"N","")),0)),SUMPRODUCT((BCC_MA=$B24)*IFERROR(VALUE(SUBSTITUTE($AB$6:$AB$100,"N","")),0)),SUMPRODUCT((BCC_MA=$B24)*IFERROR(VALUE(SUBSTITUTE($AC$6:$AC$100,"N","")),0)),SUMPRODUCT((BCC_MA=$B24)*IFERROR(VALUE(SUBSTITUTE($AD$6:$AD$100,"N","")),0)),SUMPRODUCT((BCC_MA=$B24)*IFERROR(VALUE(SUBSTITUTE($AE$6:$AE$100,"N","")),0)),SUMPRODUCT((BCC_MA=$B24)*IFERROR(VALUE(SUBSTITUTE($AF$6:$AF$100,"N","")),0)),SUMPRODUCT((BCC_MA=$B24)*IFERROR(VALUE(SUBSTITUTE($AG$6:$AG$100,"N","")),0)),SUMPRODUCT((BCC_MA=$B24)*IFERROR(VALUE(SUBSTITUTE($AH$6:$AH$100,"N","")),0)),SUMPRODUCT((BCC_MA=$B24)*IFERROR(VALUE(SUBSTITUTE($AI$6:$AI$100,"N","")),0)),SUMPRODUCT((BCC_MA=$B24)*IFERROR(VALUE(SUBSTITUTE($AJ$6:$AJ$100,"N","")),0)),SUMPRODUCT((BCC_MA=$B24)*IFERROR(VALUE(SUBSTITUTE($AK$6:$AK$100,"N","")),0)))) -> 12
A25: 20 | B25: AL-05 | C25: =IF(B25="","",IFERROR(INDEX(NV_TEN,MATCH(B25,NV_MA,0)),"MÃ KHÔNG CÓ")) -> Hồ Thượng Thảo | D25: A Lưới SX | F25: =IF(D25="","",IFERROR(INDEX(NH_GIO,MATCH(D25,NH_TEN,0)),"NHÓM?")) -> 8 | I25: 12N | K25: 16 | M25: 8N | O25: 5 | AL25: =IF(B25="","",SUMPRODUCT(IFERROR(VALUE(SUBSTITUTE(G25:AK25,"N","")),0))) -> 41 | AM25: =IF(B25="","",AL25/F25) -> 5.125 | AN25: =IF(B25="","",SUMPRODUCT(ISNUMBER(SEARCH("N",G25:AK25))*IFERROR(VALUE(SUBSTITUTE(G25:AK25,"N","")),0))/F25) -> 2.5 | AR25: =IF(B25="",0,MAX(SUMPRODUCT((BCC_MA=$B25)*IFERROR(VALUE(SUBSTITUTE($G$6:$G$100,"N","")),0)),SUMPRODUCT((BCC_MA=$B25)*IFERROR(VALUE(SUBSTITUTE($H$6:$H$100,"N","")),0)),SUMPRODUCT((BCC_MA=$B25)*IFERROR(VALUE(SUBSTITUTE($I$6:$I$100,"N","")),0)),SUMPRODUCT((BCC_MA=$B25)*IFERROR(VALUE(SUBSTITUTE($J$6:$J$100,"N","")),0)),SUMPRODUCT((BCC_MA=$B25)*IFERROR(VALUE(SUBSTITUTE($K$6:$K$100,"N","")),0)),SUMPRODUCT((BCC_MA=$B25)*IFERROR(VALUE(SUBSTITUTE($L$6:$L$100,"N","")),0)),SUMPRODUCT((BCC_MA=$B25)*IFERROR(VALUE(SUBSTITUTE($M$6:$M$100,"N","")),0)),SUMPRODUCT((BCC_MA=$B25)*IFERROR(VALUE(SUBSTITUTE($N$6:$N$100,"N","")),0)),SUMPRODUCT((BCC_MA=$B25)*IFERROR(VALUE(SUBSTITUTE($O$6:$O$100,"N","")),0)),SUMPRODUCT((BCC_MA=$B25)*IFERROR(VALUE(SUBSTITUTE($P$6:$P$100,"N","")),0)),SUMPRODUCT((BCC_MA=$B25)*IFERROR(VALUE(SUBSTITUTE($Q$6:$Q$100,"N","")),0)),SUMPRODUCT((BCC_MA=$B25)*IFERROR(VALUE(SUBSTITUTE($R$6:$R$100,"N","")),0)),SUMPRODUCT((BCC_MA=$B25)*IFERROR(VALUE(SUBSTITUTE($S$6:$S$100,"N","")),0)),SUMPRODUCT((BCC_MA=$B25)*IFERROR(VALUE(SUBSTITUTE($T$6:$T$100,"N","")),0)),SUMPRODUCT((BCC_MA=$B25)*IFERROR(VALUE(SUBSTITUTE($U$6:$U$100,"N","")),0)),SUMPRODUCT((BCC_MA=$B25)*IFERROR(VALUE(SUBSTITUTE($V$6:$V$100,"N","")),0)),SUMPRODUCT((BCC_MA=$B25)*IFERROR(VALUE(SUBSTITUTE($W$6:$W$100,"N","")),0)),SUMPRODUCT((BCC_MA=$B25)*IFERROR(VALUE(SUBSTITUTE($X$6:$X$100,"N","")),0)),SUMPRODUCT((BCC_MA=$B25)*IFERROR(VALUE(SUBSTITUTE($Y$6:$Y$100,"N","")),0)),SUMPRODUCT((BCC_MA=$B25)*IFERROR(VALUE(SUBSTITUTE($Z$6:$Z$100,"N","")),0)),SUMPRODUCT((BCC_MA=$B25)*IFERROR(VALUE(SUBSTITUTE($AA$6:$AA$100,"N","")),0)),SUMPRODUCT((BCC_MA=$B25)*IFERROR(VALUE(SUBSTITUTE($AB$6:$AB$100,"N","")),0)),SUMPRODUCT((BCC_MA=$B25)*IFERROR(VALUE(SUBSTITUTE($AC$6:$AC$100,"N","")),0)),SUMPRODUCT((BCC_MA=$B25)*IFERROR(VALUE(SUBSTITUTE($AD$6:$AD$100,"N","")),0)),SUMPRODUCT((BCC_MA=$B25)*IFERROR(VALUE(SUBSTITUTE($AE$6:$AE$100,"N","")),0)),SUMPRODUCT((BCC_MA=$B25)*IFERROR(VALUE(SUBSTITUTE($AF$6:$AF$100,"N","")),0)),SUMPRODUCT((BCC_MA=$B25)*IFERROR(VALUE(SUBSTITUTE($AG$6:$AG$100,"N","")),0)),SUMPRODUCT((BCC_MA=$B25)*IFERROR(VALUE(SUBSTITUTE($AH$6:$AH$100,"N","")),0)),SUMPRODUCT((BCC_MA=$B25)*IFERROR(VALUE(SUBSTITUTE($AI$6:$AI$100,"N","")),0)),SUMPRODUCT((BCC_MA=$B25)*IFERROR(VALUE(SUBSTITUTE($AJ$6:$AJ$100,"N","")),0)),SUMPRODUCT((BCC_MA=$B25)*IFERROR(VALUE(SUBSTITUTE($AK$6:$AK$100,"N","")),0)))) -> 16
A26: 21 | B26: AL-07 | C26: =IF(B26="","",IFERROR(INDEX(NV_TEN,MATCH(B26,NV_MA,0)),"MÃ KHÔNG CÓ")) -> Hồ Văn Lài | D26: A Lưới SX | F26: =IF(D26="","",IFERROR(INDEX(NH_GIO,MATCH(D26,NH_TEN,0)),"NHÓM?")) -> 8 | G26: 12N | I26: 12 | K26: 16 | M26: 8 | S26: 8N | T26: 12N | U26: 12N | AL26: =IF(B26="","",SUMPRODUCT(IFERROR(VALUE(SUBSTITUTE(G26:AK26,"N","")),0))) -> 80 | AM26: =IF(B26="","",AL26/F26) -> 10 | AN26: =IF(B26="","",SUMPRODUCT(ISNUMBER(SEARCH("N",G26:AK26))*IFERROR(VALUE(SUBSTITUTE(G26:AK26,"N","")),0))/F26) -> 5.5 | AR26: =IF(B26="",0,MAX(SUMPRODUCT((BCC_MA=$B26)*IFERROR(VALUE(SUBSTITUTE($G$6:$G$100,"N","")),0)),SUMPRODUCT((BCC_MA=$B26)*IFERROR(VALUE(SUBSTITUTE($H$6:$H$100,"N","")),0)),SUMPRODUCT((BCC_MA=$B26)*IFERROR(VALUE(SUBSTITUTE($I$6:$I$100,"N","")),0)),SUMPRODUCT((BCC_MA=$B26)*IFERROR(VALUE(SUBSTITUTE($J$6:$J$100,"N","")),0)),SUMPRODUCT((BCC_MA=$B26)*IFERROR(VALUE(SUBSTITUTE($K$6:$K$100,"N","")),0)),SUMPRODUCT((BCC_MA=$B26)*IFERROR(VALUE(SUBSTITUTE($L$6:$L$100,"N","")),0)),SUMPRODUCT((BCC_MA=$B26)*IFERROR(VALUE(SUBSTITUTE($M$6:$M$100,"N","")),0)),SUMPRODUCT((BCC_MA=$B26)*IFERROR(VALUE(SUBSTITUTE($N$6:$N$100,"N","")),0)),SUMPRODUCT((BCC_MA=$B26)*IFERROR(VALUE(SUBSTITUTE($O$6:$O$100,"N","")),0)),SUMPRODUCT((BCC_MA=$B26)*IFERROR(VALUE(SUBSTITUTE($P$6:$P$100,"N","")),0)),SUMPRODUCT((BCC_MA=$B26)*IFERROR(VALUE(SUBSTITUTE($Q$6:$Q$100,"N","")),0)),SUMPRODUCT((BCC_MA=$B26)*IFERROR(VALUE(SUBSTITUTE($R$6:$R$100,"N","")),0)),SUMPRODUCT((BCC_MA=$B26)*IFERROR(VALUE(SUBSTITUTE($S$6:$S$100,"N","")),0)),SUMPRODUCT((BCC_MA=$B26)*IFERROR(VALUE(SUBSTITUTE($T$6:$T$100,"N","")),0)),SUMPRODUCT((BCC_MA=$B26)*IFERROR(VALUE(SUBSTITUTE($U$6:$U$100,"N","")),0)),SUMPRODUCT((BCC_MA=$B26)*IFERROR(VALUE(SUBSTITUTE($V$6:$V$100,"N","")),0)),SUMPRODUCT((BCC_MA=$B26)*IFERROR(VALUE(SUBSTITUTE($W$6:$W$100,"N","")),0)),SUMPRODUCT((BCC_MA=$B26)*IFERROR(VALUE(SUBSTITUTE($X$6:$X$100,"N","")),0)),SUMPRODUCT((BCC_MA=$B26)*IFERROR(VALUE(SUBSTITUTE($Y$6:$Y$100,"N","")),0)),SUMPRODUCT((BCC_MA=$B26)*IFERROR(VALUE(SUBSTITUTE($Z$6:$Z$100,"N","")),0)),SUMPRODUCT((BCC_MA=$B26)*IFERROR(VALUE(SUBSTITUTE($AA$6:$AA$100,"N","")),0)),SUMPRODUCT((BCC_MA=$B26)*IFERROR(VALUE(SUBSTITUTE($AB$6:$AB$100,"N","")),0)),SUMPRODUCT((BCC_MA=$B26)*IFERROR(VALUE(SUBSTITUTE($AC$6:$AC$100,"N","")),0)),SUMPRODUCT((BCC_MA=$B26)*IFERROR(VALUE(SUBSTITUTE($AD$6:$AD$100,"N","")),0)),SUMPRODUCT((BCC_MA=$B26)*IFERROR(VALUE(SUBSTITUTE($AE$6:$AE$100,"N","")),0)),SUMPRODUCT((BCC_MA=$B26)*IFERROR(VALUE(SUBSTITUTE($AF$6:$AF$100,"N","")),0)),SUMPRODUCT((BCC_MA=$B26)*IFERROR(VALUE(SUBSTITUTE($AG$6:$AG$100,"N","")),0)),SUMPRODUCT((BCC_MA=$B26)*IFERROR(VALUE(SUBSTITUTE($AH$6:$AH$100,"N","")),0)),SUMPRODUCT((BCC_MA=$B26)*IFERROR(VALUE(SUBSTITUTE($AI$6:$AI$100,"N","")),0)),SUMPRODUCT((BCC_MA=$B26)*IFERROR(VALUE(SUBSTITUTE($AJ$6:$AJ$100,"N","")),0)),SUMPRODUCT((BCC_MA=$B26)*IFERROR(VALUE(SUBSTITUTE($AK$6:$AK$100,"N","")),0)))) -> 16
A27: 22 | B27: AL-01 | C27: =IF(B27="","",IFERROR(INDEX(NV_TEN,MATCH(B27,NV_MA,0)),"MÃ KHÔNG CÓ")) -> Hồ Thị Thiệp | D27: A Lưới RSS | F27: =IF(D27="","",IFERROR(INDEX(NH_GIO,MATCH(D27,NH_TEN,0)),"NHÓM?")) -> 8 | G27: 8 | H27: 8 | I27: 8 | K27: 8 | L27: 8 | T27: 8.3 | U27: 8 | AL27: =IF(B27="","",SUMPRODUCT(IFERROR(VALUE(SUBSTITUTE(G27:AK27,"N","")),0))) -> 56.3 | AM27: =IF(B27="","",AL27/F27) -> 7.0375 | AN27: =IF(B27="","",SUMPRODUCT(ISNUMBER(SEARCH("N",G27:AK27))*IFERROR(VALUE(SUBSTITUTE(G27:AK27,"N","")),0))/F27) -> 0 | AR27: =IF(B27="",0,MAX(SUMPRODUCT((BCC_MA=$B27)*IFERROR(VALUE(SUBSTITUTE($G$6:$G$100,"N","")),0)),SUMPRODUCT((BCC_MA=$B27)*IFERROR(VALUE(SUBSTITUTE($H$6:$H$100,"N","")),0)),SUMPRODUCT((BCC_MA=$B27)*IFERROR(VALUE(SUBSTITUTE($I$6:$I$100,"N","")),0)),SUMPRODUCT((BCC_MA=$B27)*IFERROR(VALUE(SUBSTITUTE($J$6:$J$100,"N","")),0)),SUMPRODUCT((BCC_MA=$B27)*IFERROR(VALUE(SUBSTITUTE($K$6:$K$100,"N","")),0)),SUMPRODUCT((BCC_MA=$B27)*IFERROR(VALUE(SUBSTITUTE($L$6:$L$100,"N","")),0)),SUMPRODUCT((BCC_MA=$B27)*IFERROR(VALUE(SUBSTITUTE($M$6:$M$100,"N","")),0)),SUMPRODUCT((BCC_MA=$B27)*IFERROR(VALUE(SUBSTITUTE($N$6:$N$100,"N","")),0)),SUMPRODUCT((BCC_MA=$B27)*IFERROR(VALUE(SUBSTITUTE($O$6:$O$100,"N","")),0)),SUMPRODUCT((BCC_MA=$B27)*IFERROR(VALUE(SUBSTITUTE($P$6:$P$100,"N","")),0)),SUMPRODUCT((BCC_MA=$B27)*IFERROR(VALUE(SUBSTITUTE($Q$6:$Q$100,"N","")),0)),SUMPRODUCT((BCC_MA=$B27)*IFERROR(VALUE(SUBSTITUTE($R$6:$R$100,"N","")),0)),SUMPRODUCT((BCC_MA=$B27)*IFERROR(VALUE(SUBSTITUTE($S$6:$S$100,"N","")),0)),SUMPRODUCT((BCC_MA=$B27)*IFERROR(VALUE(SUBSTITUTE($T$6:$T$100,"N","")),0)),SUMPRODUCT((BCC_MA=$B27)*IFERROR(VALUE(SUBSTITUTE($U$6:$U$100,"N","")),0)),SUMPRODUCT((BCC_MA=$B27)*IFERROR(VALUE(SUBSTITUTE($V$6:$V$100,"N","")),0)),SUMPRODUCT((BCC_MA=$B27)*IFERROR(VALUE(SUBSTITUTE($W$6:$W$100,"N","")),0)),SUMPRODUCT((BCC_MA=$B27)*IFERROR(VALUE(SUBSTITUTE($X$6:$X$100,"N","")),0)),SUMPRODUCT((BCC_MA=$B27)*IFERROR(VALUE(SUBSTITUTE($Y$6:$Y$100,"N","")),0)),SUMPRODUCT((BCC_MA=$B27)*IFERROR(VALUE(SUBSTITUTE($Z$6:$Z$100,"N","")),0)),SUMPRODUCT((BCC_MA=$B27)*IFERROR(VALUE(SUBSTITUTE($AA$6:$AA$100,"N","")),0)),SUMPRODUCT((BCC_MA=$B27)*IFERROR(VALUE(SUBSTITUTE($AB$6:$AB$100,"N","")),0)),SUMPRODUCT((BCC_MA=$B27)*IFERROR(VALUE(SUBSTITUTE($AC$6:$AC$100,"N","")),0)),SUMPRODUCT((BCC_MA=$B27)*IFERROR(VALUE(SUBSTITUTE($AD$6:$AD$100,"N","")),0)),SUMPRODUCT((BCC_MA=$B27)*IFERROR(VALUE(SUBSTITUTE($AE$6:$AE$100,"N","")),0)),SUMPRODUCT((BCC_MA=$B27)*IFERROR(VALUE(SUBSTITUTE($AF$6:$AF$100,"N","")),0)),SUMPRODUCT((BCC_MA=$B27)*IFERROR(VALUE(SUBSTITUTE($AG$6:$AG$100,"N","")),0)),SUMPRODUCT((BCC_MA=$B27)*IFERROR(VALUE(SUBSTITUTE($AH$6:$AH$100,"N","")),0)),SUMPRODUCT((BCC_MA=$B27)*IFERROR(VALUE(SUBSTITUTE($AI$6:$AI$100,"N","")),0)),SUMPRODUCT((BCC_MA=$B27)*IFERROR(VALUE(SUBSTITUTE($AJ$6:$AJ$100,"N","")),0)),SUMPRODUCT((BCC_MA=$B27)*IFERROR(VALUE(SUBSTITUTE($AK$6:$AK$100,"N","")),0)))) -> 8.3
A28: 23 | B28: AL-02 | C28: =IF(B28="","",IFERROR(INDEX(NV_TEN,MATCH(B28,NV_MA,0)),"MÃ KHÔNG CÓ")) -> Hồ Thượng Thành | D28: A Lưới RSS | F28: =IF(D28="","",IFERROR(INDEX(NH_GIO,MATCH(D28,NH_TEN,0)),"NHÓM?")) -> 8 | H28: 8 | P28: 12N | T28: 12 | AL28: =IF(B28="","",SUMPRODUCT(IFERROR(VALUE(SUBSTITUTE(G28:AK28,"N","")),0))) -> 32 | AM28: =IF(B28="","",AL28/F28) -> 4 | AN28: =IF(B28="","",SUMPRODUCT(ISNUMBER(SEARCH("N",G28:AK28))*IFERROR(VALUE(SUBSTITUTE(G28:AK28,"N","")),0))/F28) -> 1.5 | AR28: =IF(B28="",0,MAX(SUMPRODUCT((BCC_MA=$B28)*IFERROR(VALUE(SUBSTITUTE($G$6:$G$100,"N","")),0)),SUMPRODUCT((BCC_MA=$B28)*IFERROR(VALUE(SUBSTITUTE($H$6:$H$100,"N","")),0)),SUMPRODUCT((BCC_MA=$B28)*IFERROR(VALUE(SUBSTITUTE($I$6:$I$100,"N","")),0)),SUMPRODUCT((BCC_MA=$B28)*IFERROR(VALUE(SUBSTITUTE($J$6:$J$100,"N","")),0)),SUMPRODUCT((BCC_MA=$B28)*IFERROR(VALUE(SUBSTITUTE($K$6:$K$100,"N","")),0)),SUMPRODUCT((BCC_MA=$B28)*IFERROR(VALUE(SUBSTITUTE($L$6:$L$100,"N","")),0)),SUMPRODUCT((BCC_MA=$B28)*IFERROR(VALUE(SUBSTITUTE($M$6:$M$100,"N","")),0)),SUMPRODUCT((BCC_MA=$B28)*IFERROR(VALUE(SUBSTITUTE($N$6:$N$100,"N","")),0)),SUMPRODUCT((BCC_MA=$B28)*IFERROR(VALUE(SUBSTITUTE($O$6:$O$100,"N","")),0)),SUMPRODUCT((BCC_MA=$B28)*IFERROR(VALUE(SUBSTITUTE($P$6:$P$100,"N","")),0)),SUMPRODUCT((BCC_MA=$B28)*IFERROR(VALUE(SUBSTITUTE($Q$6:$Q$100,"N","")),0)),SUMPRODUCT((BCC_MA=$B28)*IFERROR(VALUE(SUBSTITUTE($R$6:$R$100,"N","")),0)),SUMPRODUCT((BCC_MA=$B28)*IFERROR(VALUE(SUBSTITUTE($S$6:$S$100,"N","")),0)),SUMPRODUCT((BCC_MA=$B28)*IFERROR(VALUE(SUBSTITUTE($T$6:$T$100,"N","")),0)),SUMPRODUCT((BCC_MA=$B28)*IFERROR(VALUE(SUBSTITUTE($U$6:$U$100,"N","")),0)),SUMPRODUCT((BCC_MA=$B28)*IFERROR(VALUE(SUBSTITUTE($V$6:$V$100,"N","")),0)),SUMPRODUCT((BCC_MA=$B28)*IFERROR(VALUE(SUBSTITUTE($W$6:$W$100,"N","")),0)),SUMPRODUCT((BCC_MA=$B28)*IFERROR(VALUE(SUBSTITUTE($X$6:$X$100,"N","")),0)),SUMPRODUCT((BCC_MA=$B28)*IFERROR(VALUE(SUBSTITUTE($Y$6:$Y$100,"N","")),0)),SUMPRODUCT((BCC_MA=$B28)*IFERROR(VALUE(SUBSTITUTE($Z$6:$Z$100,"N","")),0)),SUMPRODUCT((BCC_MA=$B28)*IFERROR(VALUE(SUBSTITUTE($AA$6:$AA$100,"N","")),0)),SUMPRODUCT((BCC_MA=$B28)*IFERROR(VALUE(SUBSTITUTE($AB$6:$AB$100,"N","")),0)),SUMPRODUCT((BCC_MA=$B28)*IFERROR(VALUE(SUBSTITUTE($AC$6:$AC$100,"N","")),0)),SUMPRODUCT((BCC_MA=$B28)*IFERROR(VALUE(SUBSTITUTE($AD$6:$AD$100,"N","")),0)),SUMPRODUCT((BCC_MA=$B28)*IFERROR(VALUE(SUBSTITUTE($AE$6:$AE$100,"N","")),0)),SUMPRODUCT((BCC_MA=$B28)*IFERROR(VALUE(SUBSTITUTE($AF$6:$AF$100,"N","")),0)),SUMPRODUCT((BCC_MA=$B28)*IFERROR(VALUE(SUBSTITUTE($AG$6:$AG$100,"N","")),0)),SUMPRODUCT((BCC_MA=$B28)*IFERROR(VALUE(SUBSTITUTE($AH$6:$AH$100,"N","")),0)),SUMPRODUCT((BCC_MA=$B28)*IFERROR(VALUE(SUBSTITUTE($AI$6:$AI$100,"N","")),0)),SUMPRODUCT((BCC_MA=$B28)*IFERROR(VALUE(SUBSTITUTE($AJ$6:$AJ$100,"N","")),0)),SUMPRODUCT((BCC_MA=$B28)*IFERROR(VALUE(SUBSTITUTE($AK$6:$AK$100,"N","")),0)))) -> 24
A29: 24 | B29: AL-03 | C29: =IF(B29="","",IFERROR(INDEX(NV_TEN,MATCH(B29,NV_MA,0)),"MÃ KHÔNG CÓ")) -> Hồ Thượng Thư | D29: A Lưới RSS | F29: =IF(D29="","",IFERROR(INDEX(NH_GIO,MATCH(D29,NH_TEN,0)),"NHÓM?")) -> 8 | H29: 8 | J29: 12 | U29: 12 | AL29: =IF(B29="","",SUMPRODUCT(IFERROR(VALUE(SUBSTITUTE(G29:AK29,"N","")),0))) -> 32 | AM29: =IF(B29="","",AL29/F29) -> 4 | AN29: =IF(B29="","",SUMPRODUCT(ISNUMBER(SEARCH("N",G29:AK29))*IFERROR(VALUE(SUBSTITUTE(G29:AK29,"N","")),0))/F29) -> 0 | AR29: =IF(B29="",0,MAX(SUMPRODUCT((BCC_MA=$B29)*IFERROR(VALUE(SUBSTITUTE($G$6:$G$100,"N","")),0)),SUMPRODUCT((BCC_MA=$B29)*IFERROR(VALUE(SUBSTITUTE($H$6:$H$100,"N","")),0)),SUMPRODUCT((BCC_MA=$B29)*IFERROR(VALUE(SUBSTITUTE($I$6:$I$100,"N","")),0)),SUMPRODUCT((BCC_MA=$B29)*IFERROR(VALUE(SUBSTITUTE($J$6:$J$100,"N","")),0)),SUMPRODUCT((BCC_MA=$B29)*IFERROR(VALUE(SUBSTITUTE($K$6:$K$100,"N","")),0)),SUMPRODUCT((BCC_MA=$B29)*IFERROR(VALUE(SUBSTITUTE($L$6:$L$100,"N","")),0)),SUMPRODUCT((BCC_MA=$B29)*IFERROR(VALUE(SUBSTITUTE($M$6:$M$100,"N","")),0)),SUMPRODUCT((BCC_MA=$B29)*IFERROR(VALUE(SUBSTITUTE($N$6:$N$100,"N","")),0)),SUMPRODUCT((BCC_MA=$B29)*IFERROR(VALUE(SUBSTITUTE($O$6:$O$100,"N","")),0)),SUMPRODUCT((BCC_MA=$B29)*IFERROR(VALUE(SUBSTITUTE($P$6:$P$100,"N","")),0)),SUMPRODUCT((BCC_MA=$B29)*IFERROR(VALUE(SUBSTITUTE($Q$6:$Q$100,"N","")),0)),SUMPRODUCT((BCC_MA=$B29)*IFERROR(VALUE(SUBSTITUTE($R$6:$R$100,"N","")),0)),SUMPRODUCT((BCC_MA=$B29)*IFERROR(VALUE(SUBSTITUTE($S$6:$S$100,"N","")),0)),SUMPRODUCT((BCC_MA=$B29)*IFERROR(VALUE(SUBSTITUTE($T$6:$T$100,"N","")),0)),SUMPRODUCT((BCC_MA=$B29)*IFERROR(VALUE(SUBSTITUTE($U$6:$U$100,"N","")),0)),SUMPRODUCT((BCC_MA=$B29)*IFERROR(VALUE(SUBSTITUTE($V$6:$V$100,"N","")),0)),SUMPRODUCT((BCC_MA=$B29)*IFERROR(VALUE(SUBSTITUTE($W$6:$W$100,"N","")),0)),SUMPRODUCT((BCC_MA=$B29)*IFERROR(VALUE(SUBSTITUTE($X$6:$X$100,"N","")),0)),SUMPRODUCT((BCC_MA=$B29)*IFERROR(VALUE(SUBSTITUTE($Y$6:$Y$100,"N","")),0)),SUMPRODUCT((BCC_MA=$B29)*IFERROR(VALUE(SUBSTITUTE($Z$6:$Z$100,"N","")),0)),SUMPRODUCT((BCC_MA=$B29)*IFERROR(VALUE(SUBSTITUTE($AA$6:$AA$100,"N","")),0)),SUMPRODUCT((BCC_MA=$B29)*IFERROR(VALUE(SUBSTITUTE($AB$6:$AB$100,"N","")),0)),SUMPRODUCT((BCC_MA=$B29)*IFERROR(VALUE(SUBSTITUTE($AC$6:$AC$100,"N","")),0)),SUMPRODUCT((BCC_MA=$B29)*IFERROR(VALUE(SUBSTITUTE($AD$6:$AD$100,"N","")),0)),SUMPRODUCT((BCC_MA=$B29)*IFERROR(VALUE(SUBSTITUTE($AE$6:$AE$100,"N","")),0)),SUMPRODUCT((BCC_MA=$B29)*IFERROR(VALUE(SUBSTITUTE($AF$6:$AF$100,"N","")),0)),SUMPRODUCT((BCC_MA=$B29)*IFERROR(VALUE(SUBSTITUTE($AG$6:$AG$100,"N","")),0)),SUMPRODUCT((BCC_MA=$B29)*IFERROR(VALUE(SUBSTITUTE($AH$6:$AH$100,"N","")),0)),SUMPRODUCT((BCC_MA=$B29)*IFERROR(VALUE(SUBSTITUTE($AI$6:$AI$100,"N","")),0)),SUMPRODUCT((BCC_MA=$B29)*IFERROR(VALUE(SUBSTITUTE($AJ$6:$AJ$100,"N","")),0)),SUMPRODUCT((BCC_MA=$B29)*IFERROR(VALUE(SUBSTITUTE($AK$6:$AK$100,"N","")),0)))) -> 12
A30: 25 | B30: AL-04 | C30: =IF(B30="","",IFERROR(INDEX(NV_TEN,MATCH(B30,NV_MA,0)),"MÃ KHÔNG CÓ")) -> Lê Minh Chai | D30: A Lưới RSS | F30: =IF(D30="","",IFERROR(INDEX(NH_GIO,MATCH(D30,NH_TEN,0)),"NHÓM?")) -> 8 | G30: 8 | H30: 8 | I30: 8 | K30: 8 | L30: 8 | M30: 8 | N30: 10 | O30: 8 | P30: 8 | Q30: 10 | R30: 10 | S30: 4 | T30: 8.3 | U30: 8 | AL30: =IF(B30="","",SUMPRODUCT(IFERROR(VALUE(SUBSTITUTE(G30:AK30,"N","")),0))) -> 114.3 | AM30: =IF(B30="","",AL30/F30) -> 14.2875 | AN30: =IF(B30="","",SUMPRODUCT(ISNUMBER(SEARCH("N",G30:AK30))*IFERROR(VALUE(SUBSTITUTE(G30:AK30,"N","")),0))/F30) -> 0 | AR30: =IF(B30="",0,MAX(SUMPRODUCT((BCC_MA=$B30)*IFERROR(VALUE(SUBSTITUTE($G$6:$G$100,"N","")),0)),SUMPRODUCT((BCC_MA=$B30)*IFERROR(VALUE(SUBSTITUTE($H$6:$H$100,"N","")),0)),SUMPRODUCT((BCC_MA=$B30)*IFERROR(VALUE(SUBSTITUTE($I$6:$I$100,"N","")),0)),SUMPRODUCT((BCC_MA=$B30)*IFERROR(VALUE(SUBSTITUTE($J$6:$J$100,"N","")),0)),SUMPRODUCT((BCC_MA=$B30)*IFERROR(VALUE(SUBSTITUTE($K$6:$K$100,"N","")),0)),SUMPRODUCT((BCC_MA=$B30)*IFERROR(VALUE(SUBSTITUTE($L$6:$L$100,"N","")),0)),SUMPRODUCT((BCC_MA=$B30)*IFERROR(VALUE(SUBSTITUTE($M$6:$M$100,"N","")),0)),SUMPRODUCT((BCC_MA=$B30)*IFERROR(VALUE(SUBSTITUTE($N$6:$N$100,"N","")),0)),SUMPRODUCT((BCC_MA=$B30)*IFERROR(VALUE(SUBSTITUTE($O$6:$O$100,"N","")),0)),SUMPRODUCT((BCC_MA=$B30)*IFERROR(VALUE(SUBSTITUTE($P$6:$P$100,"N","")),0)),SUMPRODUCT((BCC_MA=$B30)*IFERROR(VALUE(SUBSTITUTE($Q$6:$Q$100,"N","")),0)),SUMPRODUCT((BCC_MA=$B30)*IFERROR(VALUE(SUBSTITUTE($R$6:$R$100,"N","")),0)),SUMPRODUCT((BCC_MA=$B30)*IFERROR(VALUE(SUBSTITUTE($S$6:$S$100,"N","")),0)),SUMPRODUCT((BCC_MA=$B30)*IFERROR(VALUE(SUBSTITUTE($T$6:$T$100,"N","")),0)),SUMPRODUCT((BCC_MA=$B30)*IFERROR(VALUE(SUBSTITUTE($U$6:$U$100,"N","")),0)),SUMPRODUCT((BCC_MA=$B30)*IFERROR(VALUE(SUBSTITUTE($V$6:$V$100,"N","")),0)),SUMPRODUCT((BCC_MA=$B30)*IFERROR(VALUE(SUBSTITUTE($W$6:$W$100,"N","")),0)),SUMPRODUCT((BCC_MA=$B30)*IFERROR(VALUE(SUBSTITUTE($X$6:$X$100,"N","")),0)),SUMPRODUCT((BCC_MA=$B30)*IFERROR(VALUE(SUBSTITUTE($Y$6:$Y$100,"N","")),0)),SUMPRODUCT((BCC_MA=$B30)*IFERROR(VALUE(SUBSTITUTE($Z$6:$Z$100,"N","")),0)),SUMPRODUCT((BCC_MA=$B30)*IFERROR(VALUE(SUBSTITUTE($AA$6:$AA$100,"N","")),0)),SUMPRODUCT((BCC_MA=$B30)*IFERROR(VALUE(SUBSTITUTE($AB$6:$AB$100,"N","")),0)),SUMPRODUCT((BCC_MA=$B30)*IFERROR(VALUE(SUBSTITUTE($AC$6:$AC$100,"N","")),0)),SUMPRODUCT((BCC_MA=$B30)*IFERROR(VALUE(SUBSTITUTE($AD$6:$AD$100,"N","")),0)),SUMPRODUCT((BCC_MA=$B30)*IFERROR(VALUE(SUBSTITUTE($AE$6:$AE$100,"N","")),0)),SUMPRODUCT((BCC_MA=$B30)*IFERROR(VALUE(SUBSTITUTE($AF$6:$AF$100,"N","")),0)),SUMPRODUCT((BCC_MA=$B30)*IFERROR(VALUE(SUBSTITUTE($AG$6:$AG$100,"N","")),0)),SUMPRODUCT((BCC_MA=$B30)*IFERROR(VALUE(SUBSTITUTE($AH$6:$AH$100,"N","")),0)),SUMPRODUCT((BCC_MA=$B30)*IFERROR(VALUE(SUBSTITUTE($AI$6:$AI$100,"N","")),0)),SUMPRODUCT((BCC_MA=$B30)*IFERROR(VALUE(SUBSTITUTE($AJ$6:$AJ$100,"N","")),0)),SUMPRODUCT((BCC_MA=$B30)*IFERROR(VALUE(SUBSTITUTE($AK$6:$AK$100,"N","")),0)))) -> 10
A31: 26 | B31: AL-06 | C31: =IF(B31="","",IFERROR(INDEX(NV_TEN,MATCH(B31,NV_MA,0)),"MÃ KHÔNG CÓ")) -> Hồ Thị Dịu | D31: A Lưới RSS | F31: =IF(D31="","",IFERROR(INDEX(NH_GIO,MATCH(D31,NH_TEN,0)),"NHÓM?")) -> 8 | G31: 8 | H31: 8 | I31: 8 | K31: 8 | L31: 8 | AL31: =IF(B31="","",SUMPRODUCT(IFERROR(VALUE(SUBSTITUTE(G31:AK31,"N","")),0))) -> 40 | AM31: =IF(B31="","",AL31/F31) -> 5 | AN31: =IF(B31="","",SUMPRODUCT(ISNUMBER(SEARCH("N",G31:AK31))*IFERROR(VALUE(SUBSTITUTE(G31:AK31,"N","")),0))/F31) -> 0 | AR31: =IF(B31="",0,MAX(SUMPRODUCT((BCC_MA=$B31)*IFERROR(VALUE(SUBSTITUTE($G$6:$G$100,"N","")),0)),SUMPRODUCT((BCC_MA=$B31)*IFERROR(VALUE(SUBSTITUTE($H$6:$H$100,"N","")),0)),SUMPRODUCT((BCC_MA=$B31)*IFERROR(VALUE(SUBSTITUTE($I$6:$I$100,"N","")),0)),SUMPRODUCT((BCC_MA=$B31)*IFERROR(VALUE(SUBSTITUTE($J$6:$J$100,"N","")),0)),SUMPRODUCT((BCC_MA=$B31)*IFERROR(VALUE(SUBSTITUTE($K$6:$K$100,"N","")),0)),SUMPRODUCT((BCC_MA=$B31)*IFERROR(VALUE(SUBSTITUTE($L$6:$L$100,"N","")),0)),SUMPRODUCT((BCC_MA=$B31)*IFERROR(VALUE(SUBSTITUTE($M$6:$M$100,"N","")),0)),SUMPRODUCT((BCC_MA=$B31)*IFERROR(VALUE(SUBSTITUTE($N$6:$N$100,"N","")),0)),SUMPRODUCT((BCC_MA=$B31)*IFERROR(VALUE(SUBSTITUTE($O$6:$O$100,"N","")),0)),SUMPRODUCT((BCC_MA=$B31)*IFERROR(VALUE(SUBSTITUTE($P$6:$P$100,"N","")),0)),SUMPRODUCT((BCC_MA=$B31)*IFERROR(VALUE(SUBSTITUTE($Q$6:$Q$100,"N","")),0)),SUMPRODUCT((BCC_MA=$B31)*IFERROR(VALUE(SUBSTITUTE($R$6:$R$100,"N","")),0)),SUMPRODUCT((BCC_MA=$B31)*IFERROR(VALUE(SUBSTITUTE($S$6:$S$100,"N","")),0)),SUMPRODUCT((BCC_MA=$B31)*IFERROR(VALUE(SUBSTITUTE($T$6:$T$100,"N","")),0)),SUMPRODUCT((BCC_MA=$B31)*IFERROR(VALUE(SUBSTITUTE($U$6:$U$100,"N","")),0)),SUMPRODUCT((BCC_MA=$B31)*IFERROR(VALUE(SUBSTITUTE($V$6:$V$100,"N","")),0)),SUMPRODUCT((BCC_MA=$B31)*IFERROR(VALUE(SUBSTITUTE($W$6:$W$100,"N","")),0)),SUMPRODUCT((BCC_MA=$B31)*IFERROR(VALUE(SUBSTITUTE($X$6:$X$100,"N","")),0)),SUMPRODUCT((BCC_MA=$B31)*IFERROR(VALUE(SUBSTITUTE($Y$6:$Y$100,"N","")),0)),SUMPRODUCT((BCC_MA=$B31)*IFERROR(VALUE(SUBSTITUTE($Z$6:$Z$100,"N","")),0)),SUMPRODUCT((BCC_MA=$B31)*IFERROR(VALUE(SUBSTITUTE($AA$6:$AA$100,"N","")),0)),SUMPRODUCT((BCC_MA=$B31)*IFERROR(VALUE(SUBSTITUTE($AB$6:$AB$100,"N","")),0)),SUMPRODUCT((BCC_MA=$B31)*IFERROR(VALUE(SUBSTITUTE($AC$6:$AC$100,"N","")),0)),SUMPRODUCT((BCC_MA=$B31)*IFERROR(VALUE(SUBSTITUTE($AD$6:$AD$100,"N","")),0)),SUMPRODUCT((BCC_MA=$B31)*IFERROR(VALUE(SUBSTITUTE($AE$6:$AE$100,"N","")),0)),SUMPRODUCT((BCC_MA=$B31)*IFERROR(VALUE(SUBSTITUTE($AF$6:$AF$100,"N","")),0)),SUMPRODUCT((BCC_MA=$B31)*IFERROR(VALUE(SUBSTITUTE($AG$6:$AG$100,"N","")),0)),SUMPRODUCT((BCC_MA=$B31)*IFERROR(VALUE(SUBSTITUTE($AH$6:$AH$100,"N","")),0)),SUMPRODUCT((BCC_MA=$B31)*IFERROR(VALUE(SUBSTITUTE($AI$6:$AI$100,"N","")),0)),SUMPRODUCT((BCC_MA=$B31)*IFERROR(VALUE(SUBSTITUTE($AJ$6:$AJ$100,"N","")),0)),SUMPRODUCT((BCC_MA=$B31)*IFERROR(VALUE(SUBSTITUTE($AK$6:$AK$100,"N","")),0)))) -> 8
A32: 27 | B32: QT-01 | C32: =IF(B32="","",IFERROR(INDEX(NV_TEN,MATCH(B32,NV_MA,0)),"MÃ KHÔNG CÓ")) -> Lê Văn Đạt | D32: Thời vụ HAQT | F32: =IF(D32="","",IFERROR(INDEX(NH_GIO,MATCH(D32,NH_TEN,0)),"NHÓM?")) -> 8 | H32: 8 | I32: 8 | J32: 8 | M32: 8 | Q32: 8 | S32: 8 | T32: 8 | U32: 8 | W32: 8 | AL32: =IF(B32="","",SUMPRODUCT(IFERROR(VALUE(SUBSTITUTE(G32:AK32,"N","")),0))) -> 72 | AM32: =IF(B32="","",AL32/F32) -> 9 | AN32: =IF(B32="","",SUMPRODUCT(ISNUMBER(SEARCH("N",G32:AK32))*IFERROR(VALUE(SUBSTITUTE(G32:AK32,"N","")),0))/F32) -> 0 | AR32: =IF(B32="",0,MAX(SUMPRODUCT((BCC_MA=$B32)*IFERROR(VALUE(SUBSTITUTE($G$6:$G$100,"N","")),0)),SUMPRODUCT((BCC_MA=$B32)*IFERROR(VALUE(SUBSTITUTE($H$6:$H$100,"N","")),0)),SUMPRODUCT((BCC_MA=$B32)*IFERROR(VALUE(SUBSTITUTE($I$6:$I$100,"N","")),0)),SUMPRODUCT((BCC_MA=$B32)*IFERROR(VALUE(SUBSTITUTE($J$6:$J$100,"N","")),0)),SUMPRODUCT((BCC_MA=$B32)*IFERROR(VALUE(SUBSTITUTE($K$6:$K$100,"N","")),0)),SUMPRODUCT((BCC_MA=$B32)*IFERROR(VALUE(SUBSTITUTE($L$6:$L$100,"N","")),0)),SUMPRODUCT((BCC_MA=$B32)*IFERROR(VALUE(SUBSTITUTE($M$6:$M$100,"N","")),0)),SUMPRODUCT((BCC_MA=$B32)*IFERROR(VALUE(SUBSTITUTE($N$6:$N$100,"N","")),0)),SUMPRODUCT((BCC_MA=$B32)*IFERROR(VALUE(SUBSTITUTE($O$6:$O$100,"N","")),0)),SUMPRODUCT((BCC_MA=$B32)*IFERROR(VALUE(SUBSTITUTE($P$6:$P$100,"N","")),0)),SUMPRODUCT((BCC_MA=$B32)*IFERROR(VALUE(SUBSTITUTE($Q$6:$Q$100,"N","")),0)),SUMPRODUCT((BCC_MA=$B32)*IFERROR(VALUE(SUBSTITUTE($R$6:$R$100,"N","")),0)),SUMPRODUCT((BCC_MA=$B32)*IFERROR(VALUE(SUBSTITUTE($S$6:$S$100,"N","")),0)),SUMPRODUCT((BCC_MA=$B32)*IFERROR(VALUE(SUBSTITUTE($T$6:$T$100,"N","")),0)),SUMPRODUCT((BCC_MA=$B32)*IFERROR(VALUE(SUBSTITUTE($U$6:$U$100,"N","")),0)),SUMPRODUCT((BCC_MA=$B32)*IFERROR(VALUE(SUBSTITUTE($V$6:$V$100,"N","")),0)),SUMPRODUCT((BCC_MA=$B32)*IFERROR(VALUE(SUBSTITUTE($W$6:$W$100,"N","")),0)),SUMPRODUCT((BCC_MA=$B32)*IFERROR(VALUE(SUBSTITUTE($X$6:$X$100,"N","")),0)),SUMPRODUCT((BCC_MA=$B32)*IFERROR(VALUE(SUBSTITUTE($Y$6:$Y$100,"N","")),0)),SUMPRODUCT((BCC_MA=$B32)*IFERROR(VALUE(SUBSTITUTE($Z$6:$Z$100,"N","")),0)),SUMPRODUCT((BCC_MA=$B32)*IFERROR(VALUE(SUBSTITUTE($AA$6:$AA$100,"N","")),0)),SUMPRODUCT((BCC_MA=$B32)*IFERROR(VALUE(SUBSTITUTE($AB$6:$AB$100,"N","")),0)),SUMPRODUCT((BCC_MA=$B32)*IFERROR(VALUE(SUBSTITUTE($AC$6:$AC$100,"N","")),0)),SUMPRODUCT((BCC_MA=$B32)*IFERROR(VALUE(SUBSTITUTE($AD$6:$AD$100,"N","")),0)),SUMPRODUCT((BCC_MA=$B32)*IFERROR(VALUE(SUBSTITUTE($AE$6:$AE$100,"N","")),0)),SUMPRODUCT((BCC_MA=$B32)*IFERROR(VALUE(SUBSTITUTE($AF$6:$AF$100,"N","")),0)),SUMPRODUCT((BCC_MA=$B32)*IFERROR(VALUE(SUBSTITUTE($AG$6:$AG$100,"N","")),0)),SUMPRODUCT((BCC_MA=$B32)*IFERROR(VALUE(SUBSTITUTE($AH$6:$AH$100,"N","")),0)),SUMPRODUCT((BCC_MA=$B32)*IFERROR(VALUE(SUBSTITUTE($AI$6:$AI$100,"N","")),0)),SUMPRODUCT((BCC_MA=$B32)*IFERROR(VALUE(SUBSTITUTE($AJ$6:$AJ$100,"N","")),0)),SUMPRODUCT((BCC_MA=$B32)*IFERROR(VALUE(SUBSTITUTE($AK$6:$AK$100,"N","")),0)))) -> 8
A33: 28 | B33: QT-02 | C33: =IF(B33="","",IFERROR(INDEX(NV_TEN,MATCH(B33,NV_MA,0)),"MÃ KHÔNG CÓ")) -> Nguyễn Văn Ánh | D33: Thời vụ HAQT | F33: =IF(D33="","",IFERROR(INDEX(NH_GIO,MATCH(D33,NH_TEN,0)),"NHÓM?")) -> 8 | J33: 12 | M33: 8 | Q33: 8 | S33: 8 | U33: 8 | AL33: =IF(B33="","",SUMPRODUCT(IFERROR(VALUE(SUBSTITUTE(G33:AK33,"N","")),0))) -> 44 | AM33: =IF(B33="","",AL33/F33) -> 5.5 | AN33: =IF(B33="","",SUMPRODUCT(ISNUMBER(SEARCH("N",G33:AK33))*IFERROR(VALUE(SUBSTITUTE(G33:AK33,"N","")),0))/F33) -> 0 | AR33: =IF(B33="",0,MAX(SUMPRODUCT((BCC_MA=$B33)*IFERROR(VALUE(SUBSTITUTE($G$6:$G$100,"N","")),0)),SUMPRODUCT((BCC_MA=$B33)*IFERROR(VALUE(SUBSTITUTE($H$6:$H$100,"N","")),0)),SUMPRODUCT((BCC_MA=$B33)*IFERROR(VALUE(SUBSTITUTE($I$6:$I$100,"N","")),0)),SUMPRODUCT((BCC_MA=$B33)*IFERROR(VALUE(SUBSTITUTE($J$6:$J$100,"N","")),0)),SUMPRODUCT((BCC_MA=$B33)*IFERROR(VALUE(SUBSTITUTE($K$6:$K$100,"N","")),0)),SUMPRODUCT((BCC_MA=$B33)*IFERROR(VALUE(SUBSTITUTE($L$6:$L$100,"N","")),0)),SUMPRODUCT((BCC_MA=$B33)*IFERROR(VALUE(SUBSTITUTE($M$6:$M$100,"N","")),0)),SUMPRODUCT((BCC_MA=$B33)*IFERROR(VALUE(SUBSTITUTE($N$6:$N$100,"N","")),0)),SUMPRODUCT((BCC_MA=$B33)*IFERROR(VALUE(SUBSTITUTE($O$6:$O$100,"N","")),0)),SUMPRODUCT((BCC_MA=$B33)*IFERROR(VALUE(SUBSTITUTE($P$6:$P$100,"N","")),0)),SUMPRODUCT((BCC_MA=$B33)*IFERROR(VALUE(SUBSTITUTE($Q$6:$Q$100,"N","")),0)),SUMPRODUCT((BCC_MA=$B33)*IFERROR(VALUE(SUBSTITUTE($R$6:$R$100,"N","")),0)),SUMPRODUCT((BCC_MA=$B33)*IFERROR(VALUE(SUBSTITUTE($S$6:$S$100,"N","")),0)),SUMPRODUCT((BCC_MA=$B33)*IFERROR(VALUE(SUBSTITUTE($T$6:$T$100,"N","")),0)),SUMPRODUCT((BCC_MA=$B33)*IFERROR(VALUE(SUBSTITUTE($U$6:$U$100,"N","")),0)),SUMPRODUCT((BCC_MA=$B33)*IFERROR(VALUE(SUBSTITUTE($V$6:$V$100,"N","")),0)),SUMPRODUCT((BCC_MA=$B33)*IFERROR(VALUE(SUBSTITUTE($W$6:$W$100,"N","")),0)),SUMPRODUCT((BCC_MA=$B33)*IFERROR(VALUE(SUBSTITUTE($X$6:$X$100,"N","")),0)),SUMPRODUCT((BCC_MA=$B33)*IFERROR(VALUE(SUBSTITUTE($Y$6:$Y$100,"N","")),0)),SUMPRODUCT((BCC_MA=$B33)*IFERROR(VALUE(SUBSTITUTE($Z$6:$Z$100,"N","")),0)),SUMPRODUCT((BCC_MA=$B33)*IFERROR(VALUE(SUBSTITUTE($AA$6:$AA$100,"N","")),0)),SUMPRODUCT((BCC_MA=$B33)*IFERROR(VALUE(SUBSTITUTE($AB$6:$AB$100,"N","")),0)),SUMPRODUCT((BCC_MA=$B33)*IFERROR(VALUE(SUBSTITUTE($AC$6:$AC$100,"N","")),0)),SUMPRODUCT((BCC_MA=$B33)*IFERROR(VALUE(SUBSTITUTE($AD$6:$AD$100,"N","")),0)),SUMPRODUCT((BCC_MA=$B33)*IFERROR(VALUE(SUBSTITUTE($AE$6:$AE$100,"N","")),0)),SUMPRODUCT((BCC_MA=$B33)*IFERROR(VALUE(SUBSTITUTE($AF$6:$AF$100,"N","")),0)),SUMPRODUCT((BCC_MA=$B33)*IFERROR(VALUE(SUBSTITUTE($AG$6:$AG$100,"N","")),0)),SUMPRODUCT((BCC_MA=$B33)*IFERROR(VALUE(SUBSTITUTE($AH$6:$AH$100,"N","")),0)),SUMPRODUCT((BCC_MA=$B33)*IFERROR(VALUE(SUBSTITUTE($AI$6:$AI$100,"N","")),0)),SUMPRODUCT((BCC_MA=$B33)*IFERROR(VALUE(SUBSTITUTE($AJ$6:$AJ$100,"N","")),0)),SUMPRODUCT((BCC_MA=$B33)*IFERROR(VALUE(SUBSTITUTE($AK$6:$AK$100,"N","")),0)))) -> 12
A34: 29 | B34: QT-03 | C34: =IF(B34="","",IFERROR(INDEX(NV_TEN,MATCH(B34,NV_MA,0)),"MÃ KHÔNG CÓ")) -> Lê Đăng Đức | D34: Thời vụ HAQT | F34: =IF(D34="","",IFERROR(INDEX(NH_GIO,MATCH(D34,NH_TEN,0)),"NHÓM?")) -> 8 | H34: 8 | I34: 8 | J34: 12 | K34: 8 | L34: 8 | M34: 8 | Q34: 4 | S34: 8 | U34: 8 | AL34: =IF(B34="","",SUMPRODUCT(IFERROR(VALUE(SUBSTITUTE(G34:AK34,"N","")),0))) -> 72 | AM34: =IF(B34="","",AL34/F34) -> 9 | AN34: =IF(B34="","",SUMPRODUCT(ISNUMBER(SEARCH("N",G34:AK34))*IFERROR(VALUE(SUBSTITUTE(G34:AK34,"N","")),0))/F34) -> 0 | AR34: =IF(B34="",0,MAX(SUMPRODUCT((BCC_MA=$B34)*IFERROR(VALUE(SUBSTITUTE($G$6:$G$100,"N","")),0)),SUMPRODUCT((BCC_MA=$B34)*IFERROR(VALUE(SUBSTITUTE($H$6:$H$100,"N","")),0)),SUMPRODUCT((BCC_MA=$B34)*IFERROR(VALUE(SUBSTITUTE($I$6:$I$100,"N","")),0)),SUMPRODUCT((BCC_MA=$B34)*IFERROR(VALUE(SUBSTITUTE($J$6:$J$100,"N","")),0)),SUMPRODUCT((BCC_MA=$B34)*IFERROR(VALUE(SUBSTITUTE($K$6:$K$100,"N","")),0)),SUMPRODUCT((BCC_MA=$B34)*IFERROR(VALUE(SUBSTITUTE($L$6:$L$100,"N","")),0)),SUMPRODUCT((BCC_MA=$B34)*IFERROR(VALUE(SUBSTITUTE($M$6:$M$100,"N","")),0)),SUMPRODUCT((BCC_MA=$B34)*IFERROR(VALUE(SUBSTITUTE($N$6:$N$100,"N","")),0)),SUMPRODUCT((BCC_MA=$B34)*IFERROR(VALUE(SUBSTITUTE($O$6:$O$100,"N","")),0)),SUMPRODUCT((BCC_MA=$B34)*IFERROR(VALUE(SUBSTITUTE($P$6:$P$100,"N","")),0)),SUMPRODUCT((BCC_MA=$B34)*IFERROR(VALUE(SUBSTITUTE($Q$6:$Q$100,"N","")),0)),SUMPRODUCT((BCC_MA=$B34)*IFERROR(VALUE(SUBSTITUTE($R$6:$R$100,"N","")),0)),SUMPRODUCT((BCC_MA=$B34)*IFERROR(VALUE(SUBSTITUTE($S$6:$S$100,"N","")),0)),SUMPRODUCT((BCC_MA=$B34)*IFERROR(VALUE(SUBSTITUTE($T$6:$T$100,"N","")),0)),SUMPRODUCT((BCC_MA=$B34)*IFERROR(VALUE(SUBSTITUTE($U$6:$U$100,"N","")),0)),SUMPRODUCT((BCC_MA=$B34)*IFERROR(VALUE(SUBSTITUTE($V$6:$V$100,"N","")),0)),SUMPRODUCT((BCC_MA=$B34)*IFERROR(VALUE(SUBSTITUTE($W$6:$W$100,"N","")),0)),SUMPRODUCT((BCC_MA=$B34)*IFERROR(VALUE(SUBSTITUTE($X$6:$X$100,"N","")),0)),SUMPRODUCT((BCC_MA=$B34)*IFERROR(VALUE(SUBSTITUTE($Y$6:$Y$100,"N","")),0)),SUMPRODUCT((BCC_MA=$B34)*IFERROR(VALUE(SUBSTITUTE($Z$6:$Z$100,"N","")),0)),SUMPRODUCT((BCC_MA=$B34)*IFERROR(VALUE(SUBSTITUTE($AA$6:$AA$100,"N","")),0)),SUMPRODUCT((BCC_MA=$B34)*IFERROR(VALUE(SUBSTITUTE($AB$6:$AB$100,"N","")),0)),SUMPRODUCT((BCC_MA=$B34)*IFERROR(VALUE(SUBSTITUTE($AC$6:$AC$100,"N","")),0)),SUMPRODUCT((BCC_MA=$B34)*IFERROR(VALUE(SUBSTITUTE($AD$6:$AD$100,"N","")),0)),SUMPRODUCT((BCC_MA=$B34)*IFERROR(VALUE(SUBSTITUTE($AE$6:$AE$100,"N","")),0)),SUMPRODUCT((BCC_MA=$B34)*IFERROR(VALUE(SUBSTITUTE($AF$6:$AF$100,"N","")),0)),SUMPRODUCT((BCC_MA=$B34)*IFERROR(VALUE(SUBSTITUTE($AG$6:$AG$100,"N","")),0)),SUMPRODUCT((BCC_MA=$B34)*IFERROR(VALUE(SUBSTITUTE($AH$6:$AH$100,"N","")),0)),SUMPRODUCT((BCC_MA=$B34)*IFERROR(VALUE(SUBSTITUTE($AI$6:$AI$100,"N","")),0)),SUMPRODUCT((BCC_MA=$B34)*IFERROR(VALUE(SUBSTITUTE($AJ$6:$AJ$100,"N","")),0)),SUMPRODUCT((BCC_MA=$B34)*IFERROR(VALUE(SUBSTITUTE($AK$6:$AK$100,"N","")),0)))) -> 12
A35: 30 | B35: QT-04 | C35: =IF(B35="","",IFERROR(INDEX(NV_TEN,MATCH(B35,NV_MA,0)),"MÃ KHÔNG CÓ")) -> Phạm Khai | D35: Thời vụ HAQT | F35: =IF(D35="","",IFERROR(INDEX(NH_GIO,MATCH(D35,NH_TEN,0)),"NHÓM?")) -> 8 | H35: 8 | I35: 8 | J35: 8 | K35: 8 | O35: 8 | R35: 8 | T35: 8 | U35: 8 | W35: 8 | AG35: 8 | AL35: =IF(B35="","",SUMPRODUCT(IFERROR(VALUE(SUBSTITUTE(G35:AK35,"N","")),0))) -> 80 | AM35: =IF(B35="","",AL35/F35) -> 10 | AN35: =IF(B35="","",SUMPRODUCT(ISNUMBER(SEARCH("N",G35:AK35))*IFERROR(VALUE(SUBSTITUTE(G35:AK35,"N","")),0))/F35) -> 0 | AR35: =IF(B35="",0,MAX(SUMPRODUCT((BCC_MA=$B35)*IFERROR(VALUE(SUBSTITUTE($G$6:$G$100,"N","")),0)),SUMPRODUCT((BCC_MA=$B35)*IFERROR(VALUE(SUBSTITUTE($H$6:$H$100,"N","")),0)),SUMPRODUCT((BCC_MA=$B35)*IFERROR(VALUE(SUBSTITUTE($I$6:$I$100,"N","")),0)),SUMPRODUCT((BCC_MA=$B35)*IFERROR(VALUE(SUBSTITUTE($J$6:$J$100,"N","")),0)),SUMPRODUCT((BCC_MA=$B35)*IFERROR(VALUE(SUBSTITUTE($K$6:$K$100,"N","")),0)),SUMPRODUCT((BCC_MA=$B35)*IFERROR(VALUE(SUBSTITUTE($L$6:$L$100,"N","")),0)),SUMPRODUCT((BCC_MA=$B35)*IFERROR(VALUE(SUBSTITUTE($M$6:$M$100,"N","")),0)),SUMPRODUCT((BCC_MA=$B35)*IFERROR(VALUE(SUBSTITUTE($N$6:$N$100,"N","")),0)),SUMPRODUCT((BCC_MA=$B35)*IFERROR(VALUE(SUBSTITUTE($O$6:$O$100,"N","")),0)),SUMPRODUCT((BCC_MA=$B35)*IFERROR(VALUE(SUBSTITUTE($P$6:$P$100,"N","")),0)),SUMPRODUCT((BCC_MA=$B35)*IFERROR(VALUE(SUBSTITUTE($Q$6:$Q$100,"N","")),0)),SUMPRODUCT((BCC_MA=$B35)*IFERROR(VALUE(SUBSTITUTE($R$6:$R$100,"N","")),0)),SUMPRODUCT((BCC_MA=$B35)*IFERROR(VALUE(SUBSTITUTE($S$6:$S$100,"N","")),0)),SUMPRODUCT((BCC_MA=$B35)*IFERROR(VALUE(SUBSTITUTE($T$6:$T$100,"N","")),0)),SUMPRODUCT((BCC_MA=$B35)*IFERROR(VALUE(SUBSTITUTE($U$6:$U$100,"N","")),0)),SUMPRODUCT((BCC_MA=$B35)*IFERROR(VALUE(SUBSTITUTE($V$6:$V$100,"N","")),0)),SUMPRODUCT((BCC_MA=$B35)*IFERROR(VALUE(SUBSTITUTE($W$6:$W$100,"N","")),0)),SUMPRODUCT((BCC_MA=$B35)*IFERROR(VALUE(SUBSTITUTE($X$6:$X$100,"N","")),0)),SUMPRODUCT((BCC_MA=$B35)*IFERROR(VALUE(SUBSTITUTE($Y$6:$Y$100,"N","")),0)),SUMPRODUCT((BCC_MA=$B35)*IFERROR(VALUE(SUBSTITUTE($Z$6:$Z$100,"N","")),0)),SUMPRODUCT((BCC_MA=$B35)*IFERROR(VALUE(SUBSTITUTE($AA$6:$AA$100,"N","")),0)),SUMPRODUCT((BCC_MA=$B35)*IFERROR(VALUE(SUBSTITUTE($AB$6:$AB$100,"N","")),0)),SUMPRODUCT((BCC_MA=$B35)*IFERROR(VALUE(SUBSTITUTE($AC$6:$AC$100,"N","")),0)),SUMPRODUCT((BCC_MA=$B35)*IFERROR(VALUE(SUBSTITUTE($AD$6:$AD$100,"N","")),0)),SUMPRODUCT((BCC_MA=$B35)*IFERROR(VALUE(SUBSTITUTE($AE$6:$AE$100,"N","")),0)),SUMPRODUCT((BCC_MA=$B35)*IFERROR(VALUE(SUBSTITUTE($AF$6:$AF$100,"N","")),0)),SUMPRODUCT((BCC_MA=$B35)*IFERROR(VALUE(SUBSTITUTE($AG$6:$AG$100,"N","")),0)),SUMPRODUCT((BCC_MA=$B35)*IFERROR(VALUE(SUBSTITUTE($AH$6:$AH$100,"N","")),0)),SUMPRODUCT((BCC_MA=$B35)*IFERROR(VALUE(SUBSTITUTE($AI$6:$AI$100,"N","")),0)),SUMPRODUCT((BCC_MA=$B35)*IFERROR(VALUE(SUBSTITUTE($AJ$6:$AJ$100,"N","")),0)),SUMPRODUCT((BCC_MA=$B35)*IFERROR(VALUE(SUBSTITUTE($AK$6:$AK$100,"N","")),0)))) -> 8
A36: 31 | B36: QT-05 | C36: =IF(B36="","",IFERROR(INDEX(NV_TEN,MATCH(B36,NV_MA,0)),"MÃ KHÔNG CÓ")) -> Nguyễn Thị Nhung | D36: Thời vụ HAQT | F36: =IF(D36="","",IFERROR(INDEX(NH_GIO,MATCH(D36,NH_TEN,0)),"NHÓM?")) -> 8 | J36: 8 | M36: 8 | S36: 8 | T36: 8 | U36: 8 | AL36: =IF(B36="","",SUMPRODUCT(IFERROR(VALUE(SUBSTITUTE(G36:AK36,"N","")),0))) -> 40 | AM36: =IF(B36="","",AL36/F36) -> 5 | AN36: =IF(B36="","",SUMPRODUCT(ISNUMBER(SEARCH("N",G36:AK36))*IFERROR(VALUE(SUBSTITUTE(G36:AK36,"N","")),0))/F36) -> 0 | AR36: =IF(B36="",0,MAX(SUMPRODUCT((BCC_MA=$B36)*IFERROR(VALUE(SUBSTITUTE($G$6:$G$100,"N","")),0)),SUMPRODUCT((BCC_MA=$B36)*IFERROR(VALUE(SUBSTITUTE($H$6:$H$100,"N","")),0)),SUMPRODUCT((BCC_MA=$B36)*IFERROR(VALUE(SUBSTITUTE($I$6:$I$100,"N","")),0)),SUMPRODUCT((BCC_MA=$B36)*IFERROR(VALUE(SUBSTITUTE($J$6:$J$100,"N","")),0)),SUMPRODUCT((BCC_MA=$B36)*IFERROR(VALUE(SUBSTITUTE($K$6:$K$100,"N","")),0)),SUMPRODUCT((BCC_MA=$B36)*IFERROR(VALUE(SUBSTITUTE($L$6:$L$100,"N","")),0)),SUMPRODUCT((BCC_MA=$B36)*IFERROR(VALUE(SUBSTITUTE($M$6:$M$100,"N","")),0)),SUMPRODUCT((BCC_MA=$B36)*IFERROR(VALUE(SUBSTITUTE($N$6:$N$100,"N","")),0)),SUMPRODUCT((BCC_MA=$B36)*IFERROR(VALUE(SUBSTITUTE($O$6:$O$100,"N","")),0)),SUMPRODUCT((BCC_MA=$B36)*IFERROR(VALUE(SUBSTITUTE($P$6:$P$100,"N","")),0)),SUMPRODUCT((BCC_MA=$B36)*IFERROR(VALUE(SUBSTITUTE($Q$6:$Q$100,"N","")),0)),SUMPRODUCT((BCC_MA=$B36)*IFERROR(VALUE(SUBSTITUTE($R$6:$R$100,"N","")),0)),SUMPRODUCT((BCC_MA=$B36)*IFERROR(VALUE(SUBSTITUTE($S$6:$S$100,"N","")),0)),SUMPRODUCT((BCC_MA=$B36)*IFERROR(VALUE(SUBSTITUTE($T$6:$T$100,"N","")),0)),SUMPRODUCT((BCC_MA=$B36)*IFERROR(VALUE(SUBSTITUTE($U$6:$U$100,"N","")),0)),SUMPRODUCT((BCC_MA=$B36)*IFERROR(VALUE(SUBSTITUTE($V$6:$V$100,"N","")),0)),SUMPRODUCT((BCC_MA=$B36)*IFERROR(VALUE(SUBSTITUTE($W$6:$W$100,"N","")),0)),SUMPRODUCT((BCC_MA=$B36)*IFERROR(VALUE(SUBSTITUTE($X$6:$X$100,"N","")),0)),SUMPRODUCT((BCC_MA=$B36)*IFERROR(VALUE(SUBSTITUTE($Y$6:$Y$100,"N","")),0)),SUMPRODUCT((BCC_MA=$B36)*IFERROR(VALUE(SUBSTITUTE($Z$6:$Z$100,"N","")),0)),SUMPRODUCT((BCC_MA=$B36)*IFERROR(VALUE(SUBSTITUTE($AA$6:$AA$100,"N","")),0)),SUMPRODUCT((BCC_MA=$B36)*IFERROR(VALUE(SUBSTITUTE($AB$6:$AB$100,"N","")),0)),SUMPRODUCT((BCC_MA=$B36)*IFERROR(VALUE(SUBSTITUTE($AC$6:$AC$100,"N","")),0)),SUMPRODUCT((BCC_MA=$B36)*IFERROR(VALUE(SUBSTITUTE($AD$6:$AD$100,"N","")),0)),SUMPRODUCT((BCC_MA=$B36)*IFERROR(VALUE(SUBSTITUTE($AE$6:$AE$100,"N","")),0)),SUMPRODUCT((BCC_MA=$B36)*IFERROR(VALUE(SUBSTITUTE($AF$6:$AF$100,"N","")),0)),SUMPRODUCT((BCC_MA=$B36)*IFERROR(VALUE(SUBSTITUTE($AG$6:$AG$100,"N","")),0)),SUMPRODUCT((BCC_MA=$B36)*IFERROR(VALUE(SUBSTITUTE($AH$6:$AH$100,"N","")),0)),SUMPRODUCT((BCC_MA=$B36)*IFERROR(VALUE(SUBSTITUTE($AI$6:$AI$100,"N","")),0)),SUMPRODUCT((BCC_MA=$B36)*IFERROR(VALUE(SUBSTITUTE($AJ$6:$AJ$100,"N","")),0)),SUMPRODUCT((BCC_MA=$B36)*IFERROR(VALUE(SUBSTITUTE($AK$6:$AK$100,"N","")),0)))) -> 8
A37: 32 | B37: QT-06 | C37: =IF(B37="","",IFERROR(INDEX(NV_TEN,MATCH(B37,NV_MA,0)),"MÃ KHÔNG CÓ")) -> Tạ Thị Na | D37: Thời vụ HAQT | F37: =IF(D37="","",IFERROR(INDEX(NH_GIO,MATCH(D37,NH_TEN,0)),"NHÓM?")) -> 8 | J37: 8 | L37: 8 | M37: 8 | Q37: 8 | S37: 8 | T37: 8 | U37: 8 | AL37: =IF(B37="","",SUMPRODUCT(IFERROR(VALUE(SUBSTITUTE(G37:AK37,"N","")),0))) -> 56 | AM37: =IF(B37="","",AL37/F37) -> 7 | AN37: =IF(B37="","",SUMPRODUCT(ISNUMBER(SEARCH("N",G37:AK37))*IFERROR(VALUE(SUBSTITUTE(G37:AK37,"N","")),0))/F37) -> 0 | AR37: =IF(B37="",0,MAX(SUMPRODUCT((BCC_MA=$B37)*IFERROR(VALUE(SUBSTITUTE($G$6:$G$100,"N","")),0)),SUMPRODUCT((BCC_MA=$B37)*IFERROR(VALUE(SUBSTITUTE($H$6:$H$100,"N","")),0)),SUMPRODUCT((BCC_MA=$B37)*IFERROR(VALUE(SUBSTITUTE($I$6:$I$100,"N","")),0)),SUMPRODUCT((BCC_MA=$B37)*IFERROR(VALUE(SUBSTITUTE($J$6:$J$100,"N","")),0)),SUMPRODUCT((BCC_MA=$B37)*IFERROR(VALUE(SUBSTITUTE($K$6:$K$100,"N","")),0)),SUMPRODUCT((BCC_MA=$B37)*IFERROR(VALUE(SUBSTITUTE($L$6:$L$100,"N","")),0)),SUMPRODUCT((BCC_MA=$B37)*IFERROR(VALUE(SUBSTITUTE($M$6:$M$100,"N","")),0)),SUMPRODUCT((BCC_MA=$B37)*IFERROR(VALUE(SUBSTITUTE($N$6:$N$100,"N","")),0)),SUMPRODUCT((BCC_MA=$B37)*IFERROR(VALUE(SUBSTITUTE($O$6:$O$100,"N","")),0)),SUMPRODUCT((BCC_MA=$B37)*IFERROR(VALUE(SUBSTITUTE($P$6:$P$100,"N","")),0)),SUMPRODUCT((BCC_MA=$B37)*IFERROR(VALUE(SUBSTITUTE($Q$6:$Q$100,"N","")),0)),SUMPRODUCT((BCC_MA=$B37)*IFERROR(VALUE(SUBSTITUTE($R$6:$R$100,"N","")),0)),SUMPRODUCT((BCC_MA=$B37)*IFERROR(VALUE(SUBSTITUTE($S$6:$S$100,"N","")),0)),SUMPRODUCT((BCC_MA=$B37)*IFERROR(VALUE(SUBSTITUTE($T$6:$T$100,"N","")),0)),SUMPRODUCT((BCC_MA=$B37)*IFERROR(VALUE(SUBSTITUTE($U$6:$U$100,"N","")),0)),SUMPRODUCT((BCC_MA=$B37)*IFERROR(VALUE(SUBSTITUTE($V$6:$V$100,"N","")),0)),SUMPRODUCT((BCC_MA=$B37)*IFERROR(VALUE(SUBSTITUTE($W$6:$W$100,"N","")),0)),SUMPRODUCT((BCC_MA=$B37)*IFERROR(VALUE(SUBSTITUTE($X$6:$X$100,"N","")),0)),SUMPRODUCT((BCC_MA=$B37)*IFERROR(VALUE(SUBSTITUTE($Y$6:$Y$100,"N","")),0)),SUMPRODUCT((BCC_MA=$B37)*IFERROR(VALUE(SUBSTITUTE($Z$6:$Z$100,"N","")),0)),SUMPRODUCT((BCC_MA=$B37)*IFERROR(VALUE(SUBSTITUTE($AA$6:$AA$100,"N","")),0)),SUMPRODUCT((BCC_MA=$B37)*IFERROR(VALUE(SUBSTITUTE($AB$6:$AB$100,"N","")),0)),SUMPRODUCT((BCC_MA=$B37)*IFERROR(VALUE(SUBSTITUTE($AC$6:$AC$100,"N","")),0)),SUMPRODUCT((BCC_MA=$B37)*IFERROR(VALUE(SUBSTITUTE($AD$6:$AD$100,"N","")),0)),SUMPRODUCT((BCC_MA=$B37)*IFERROR(VALUE(SUBSTITUTE($AE$6:$AE$100,"N","")),0)),SUMPRODUCT((BCC_MA=$B37)*IFERROR(VALUE(SUBSTITUTE($AF$6:$AF$100,"N","")),0)),SUMPRODUCT((BCC_MA=$B37)*IFERROR(VALUE(SUBSTITUTE($AG$6:$AG$100,"N","")),0)),SUMPRODUCT((BCC_MA=$B37)*IFERROR(VALUE(SUBSTITUTE($AH$6:$AH$100,"N","")),0)),SUMPRODUCT((BCC_MA=$B37)*IFERROR(VALUE(SUBSTITUTE($AI$6:$AI$100,"N","")),0)),SUMPRODUCT((BCC_MA=$B37)*IFERROR(VALUE(SUBSTITUTE($AJ$6:$AJ$100,"N","")),0)),SUMPRODUCT((BCC_MA=$B37)*IFERROR(VALUE(SUBSTITUTE($AK$6:$AK$100,"N","")),0)))) -> 8
A38: 33 | B38: QT-07 | C38: =IF(B38="","",IFERROR(INDEX(NV_TEN,MATCH(B38,NV_MA,0)),"MÃ KHÔNG CÓ")) -> Lê Thị Thanh | D38: Thời vụ HAQT | F38: =IF(D38="","",IFERROR(INDEX(NH_GIO,MATCH(D38,NH_TEN,0)),"NHÓM?")) -> 8 | J38: 8 | M38: 8 | Q38: 8 | S38: 8 | U38: 8 | AH38: 8 | AL38: =IF(B38="","",SUMPRODUCT(IFERROR(VALUE(SUBSTITUTE(G38:AK38,"N","")),0))) -> 48 | AM38: =IF(B38="","",AL38/F38) -> 6 | AN38: =IF(B38="","",SUMPRODUCT(ISNUMBER(SEARCH("N",G38:AK38))*IFERROR(VALUE(SUBSTITUTE(G38:AK38,"N","")),0))/F38) -> 0 | AR38: =IF(B38="",0,MAX(SUMPRODUCT((BCC_MA=$B38)*IFERROR(VALUE(SUBSTITUTE($G$6:$G$100,"N","")),0)),SUMPRODUCT((BCC_MA=$B38)*IFERROR(VALUE(SUBSTITUTE($H$6:$H$100,"N","")),0)),SUMPRODUCT((BCC_MA=$B38)*IFERROR(VALUE(SUBSTITUTE($I$6:$I$100,"N","")),0)),SUMPRODUCT((BCC_MA=$B38)*IFERROR(VALUE(SUBSTITUTE($J$6:$J$100,"N","")),0)),SUMPRODUCT((BCC_MA=$B38)*IFERROR(VALUE(SUBSTITUTE($K$6:$K$100,"N","")),0)),SUMPRODUCT((BCC_MA=$B38)*IFERROR(VALUE(SUBSTITUTE($L$6:$L$100,"N","")),0)),SUMPRODUCT((BCC_MA=$B38)*IFERROR(VALUE(SUBSTITUTE($M$6:$M$100,"N","")),0)),SUMPRODUCT((BCC_MA=$B38)*IFERROR(VALUE(SUBSTITUTE($N$6:$N$100,"N","")),0)),SUMPRODUCT((BCC_MA=$B38)*IFERROR(VALUE(SUBSTITUTE($O$6:$O$100,"N","")),0)),SUMPRODUCT((BCC_MA=$B38)*IFERROR(VALUE(SUBSTITUTE($P$6:$P$100,"N","")),0)),SUMPRODUCT((BCC_MA=$B38)*IFERROR(VALUE(SUBSTITUTE($Q$6:$Q$100,"N","")),0)),SUMPRODUCT((BCC_MA=$B38)*IFERROR(VALUE(SUBSTITUTE($R$6:$R$100,"N","")),0)),SUMPRODUCT((BCC_MA=$B38)*IFERROR(VALUE(SUBSTITUTE($S$6:$S$100,"N","")),0)),SUMPRODUCT((BCC_MA=$B38)*IFERROR(VALUE(SUBSTITUTE($T$6:$T$100,"N","")),0)),SUMPRODUCT((BCC_MA=$B38)*IFERROR(VALUE(SUBSTITUTE($U$6:$U$100,"N","")),0)),SUMPRODUCT((BCC_MA=$B38)*IFERROR(VALUE(SUBSTITUTE($V$6:$V$100,"N","")),0)),SUMPRODUCT((BCC_MA=$B38)*IFERROR(VALUE(SUBSTITUTE($W$6:$W$100,"N","")),0)),SUMPRODUCT((BCC_MA=$B38)*IFERROR(VALUE(SUBSTITUTE($X$6:$X$100,"N","")),0)),SUMPRODUCT((BCC_MA=$B38)*IFERROR(VALUE(SUBSTITUTE($Y$6:$Y$100,"N","")),0)),SUMPRODUCT((BCC_MA=$B38)*IFERROR(VALUE(SUBSTITUTE($Z$6:$Z$100,"N","")),0)),SUMPRODUCT((BCC_MA=$B38)*IFERROR(VALUE(SUBSTITUTE($AA$6:$AA$100,"N","")),0)),SUMPRODUCT((BCC_MA=$B38)*IFERROR(VALUE(SUBSTITUTE($AB$6:$AB$100,"N","")),0)),SUMPRODUCT((BCC_MA=$B38)*IFERROR(VALUE(SUBSTITUTE($AC$6:$AC$100,"N","")),0)),SUMPRODUCT((BCC_MA=$B38)*IFERROR(VALUE(SUBSTITUTE($AD$6:$AD$100,"N","")),0)),SUMPRODUCT((BCC_MA=$B38)*IFERROR(VALUE(SUBSTITUTE($AE$6:$AE$100,"N","")),0)),SUMPRODUCT((BCC_MA=$B38)*IFERROR(VALUE(SUBSTITUTE($AF$6:$AF$100,"N","")),0)),SUMPRODUCT((BCC_MA=$B38)*IFERROR(VALUE(SUBSTITUTE($AG$6:$AG$100,"N","")),0)),SUMPRODUCT((BCC_MA=$B38)*IFERROR(VALUE(SUBSTITUTE($AH$6:$AH$100,"N","")),0)),SUMPRODUCT((BCC_MA=$B38)*IFERROR(VALUE(SUBSTITUTE($AI$6:$AI$100,"N","")),0)),SUMPRODUCT((BCC_MA=$B38)*IFERROR(VALUE(SUBSTITUTE($AJ$6:$AJ$100,"N","")),0)),SUMPRODUCT((BCC_MA=$B38)*IFERROR(VALUE(SUBSTITUTE($AK$6:$AK$100,"N","")),0)))) -> 8
A39: 34 | B39: QT-08 | C39: =IF(B39="","",IFERROR(INDEX(NV_TEN,MATCH(B39,NV_MA,0)),"MÃ KHÔNG CÓ")) -> Nguyễn Thị Thanh | D39: Thời vụ HAQT | F39: =IF(D39="","",IFERROR(INDEX(NH_GIO,MATCH(D39,NH_TEN,0)),"NHÓM?")) -> 8 | M39: 8 | Q39: 8 | S39: 8 | U39: 8 | AG39: 8 | AH39: 8 | AL39: =IF(B39="","",SUMPRODUCT(IFERROR(VALUE(SUBSTITUTE(G39:AK39,"N","")),0))) -> 48 | AM39: =IF(B39="","",AL39/F39) -> 6 | AN39: =IF(B39="","",SUMPRODUCT(ISNUMBER(SEARCH("N",G39:AK39))*IFERROR(VALUE(SUBSTITUTE(G39:AK39,"N","")),0))/F39) -> 0 | AR39: =IF(B39="",0,MAX(SUMPRODUCT((BCC_MA=$B39)*IFERROR(VALUE(SUBSTITUTE($G$6:$G$100,"N","")),0)),SUMPRODUCT((BCC_MA=$B39)*IFERROR(VALUE(SUBSTITUTE($H$6:$H$100,"N","")),0)),SUMPRODUCT((BCC_MA=$B39)*IFERROR(VALUE(SUBSTITUTE($I$6:$I$100,"N","")),0)),SUMPRODUCT((BCC_MA=$B39)*IFERROR(VALUE(SUBSTITUTE($J$6:$J$100,"N","")),0)),SUMPRODUCT((BCC_MA=$B39)*IFERROR(VALUE(SUBSTITUTE($K$6:$K$100,"N","")),0)),SUMPRODUCT((BCC_MA=$B39)*IFERROR(VALUE(SUBSTITUTE($L$6:$L$100,"N","")),0)),SUMPRODUCT((BCC_MA=$B39)*IFERROR(VALUE(SUBSTITUTE($M$6:$M$100,"N","")),0)),SUMPRODUCT((BCC_MA=$B39)*IFERROR(VALUE(SUBSTITUTE($N$6:$N$100,"N","")),0)),SUMPRODUCT((BCC_MA=$B39)*IFERROR(VALUE(SUBSTITUTE($O$6:$O$100,"N","")),0)),SUMPRODUCT((BCC_MA=$B39)*IFERROR(VALUE(SUBSTITUTE($P$6:$P$100,"N","")),0)),SUMPRODUCT((BCC_MA=$B39)*IFERROR(VALUE(SUBSTITUTE($Q$6:$Q$100,"N","")),0)),SUMPRODUCT((BCC_MA=$B39)*IFERROR(VALUE(SUBSTITUTE($R$6:$R$100,"N","")),0)),SUMPRODUCT((BCC_MA=$B39)*IFERROR(VALUE(SUBSTITUTE($S$6:$S$100,"N","")),0)),SUMPRODUCT((BCC_MA=$B39)*IFERROR(VALUE(SUBSTITUTE($T$6:$T$100,"N","")),0)),SUMPRODUCT((BCC_MA=$B39)*IFERROR(VALUE(SUBSTITUTE($U$6:$U$100,"N","")),0)),SUMPRODUCT((BCC_MA=$B39)*IFERROR(VALUE(SUBSTITUTE($V$6:$V$100,"N","")),0)),SUMPRODUCT((BCC_MA=$B39)*IFERROR(VALUE(SUBSTITUTE($W$6:$W$100,"N","")),0)),SUMPRODUCT((BCC_MA=$B39)*IFERROR(VALUE(SUBSTITUTE($X$6:$X$100,"N","")),0)),SUMPRODUCT((BCC_MA=$B39)*IFERROR(VALUE(SUBSTITUTE($Y$6:$Y$100,"N","")),0)),SUMPRODUCT((BCC_MA=$B39)*IFERROR(VALUE(SUBSTITUTE($Z$6:$Z$100,"N","")),0)),SUMPRODUCT((BCC_MA=$B39)*IFERROR(VALUE(SUBSTITUTE($AA$6:$AA$100,"N","")),0)),SUMPRODUCT((BCC_MA=$B39)*IFERROR(VALUE(SUBSTITUTE($AB$6:$AB$100,"N","")),0)),SUMPRODUCT((BCC_MA=$B39)*IFERROR(VALUE(SUBSTITUTE($AC$6:$AC$100,"N","")),0)),SUMPRODUCT((BCC_MA=$B39)*IFERROR(VALUE(SUBSTITUTE($AD$6:$AD$100,"N","")),0)),SUMPRODUCT((BCC_MA=$B39)*IFERROR(VALUE(SUBSTITUTE($AE$6:$AE$100,"N","")),0)),SUMPRODUCT((BCC_MA=$B39)*IFERROR(VALUE(SUBSTITUTE($AF$6:$AF$100,"N","")),0)),SUMPRODUCT((BCC_MA=$B39)*IFERROR(VALUE(SUBSTITUTE($AG$6:$AG$100,"N","")),0)),SUMPRODUCT((BCC_MA=$B39)*IFERROR(VALUE(SUBSTITUTE($AH$6:$AH$100,"N","")),0)),SUMPRODUCT((BCC_MA=$B39)*IFERROR(VALUE(SUBSTITUTE($AI$6:$AI$100,"N","")),0)),SUMPRODUCT((BCC_MA=$B39)*IFERROR(VALUE(SUBSTITUTE($AJ$6:$AJ$100,"N","")),0)),SUMPRODUCT((BCC_MA=$B39)*IFERROR(VALUE(SUBSTITUTE($AK$6:$AK$100,"N","")),0)))) -> 8
A40: 35 | B40: QT-09 | C40: =IF(B40="","",IFERROR(INDEX(NV_TEN,MATCH(B40,NV_MA,0)),"MÃ KHÔNG CÓ")) -> Lưu Thị Lan | D40: Thời vụ HAQT | F40: =IF(D40="","",IFERROR(INDEX(NH_GIO,MATCH(D40,NH_TEN,0)),"NHÓM?")) -> 8 | J40: 8 | M40: 8 | Q40: 8 | S40: 8 | U40: 8 | AH40: 8 | AL40: =IF(B40="","",SUMPRODUCT(IFERROR(VALUE(SUBSTITUTE(G40:AK40,"N","")),0))) -> 48 | AM40: =IF(B40="","",AL40/F40) -> 6 | AN40: =IF(B40="","",SUMPRODUCT(ISNUMBER(SEARCH("N",G40:AK40))*IFERROR(VALUE(SUBSTITUTE(G40:AK40,"N","")),0))/F40) -> 0 | AR40: =IF(B40="",0,MAX(SUMPRODUCT((BCC_MA=$B40)*IFERROR(VALUE(SUBSTITUTE($G$6:$G$100,"N","")),0)),SUMPRODUCT((BCC_MA=$B40)*IFERROR(VALUE(SUBSTITUTE($H$6:$H$100,"N","")),0)),SUMPRODUCT((BCC_MA=$B40)*IFERROR(VALUE(SUBSTITUTE($I$6:$I$100,"N","")),0)),SUMPRODUCT((BCC_MA=$B40)*IFERROR(VALUE(SUBSTITUTE($J$6:$J$100,"N","")),0)),SUMPRODUCT((BCC_MA=$B40)*IFERROR(VALUE(SUBSTITUTE($K$6:$K$100,"N","")),0)),SUMPRODUCT((BCC_MA=$B40)*IFERROR(VALUE(SUBSTITUTE($L$6:$L$100,"N","")),0)),SUMPRODUCT((BCC_MA=$B40)*IFERROR(VALUE(SUBSTITUTE($M$6:$M$100,"N","")),0)),SUMPRODUCT((BCC_MA=$B40)*IFERROR(VALUE(SUBSTITUTE($N$6:$N$100,"N","")),0)),SUMPRODUCT((BCC_MA=$B40)*IFERROR(VALUE(SUBSTITUTE($O$6:$O$100,"N","")),0)),SUMPRODUCT((BCC_MA=$B40)*IFERROR(VALUE(SUBSTITUTE($P$6:$P$100,"N","")),0)),SUMPRODUCT((BCC_MA=$B40)*IFERROR(VALUE(SUBSTITUTE($Q$6:$Q$100,"N","")),0)),SUMPRODUCT((BCC_MA=$B40)*IFERROR(VALUE(SUBSTITUTE($R$6:$R$100,"N","")),0)),SUMPRODUCT((BCC_MA=$B40)*IFERROR(VALUE(SUBSTITUTE($S$6:$S$100,"N","")),0)),SUMPRODUCT((BCC_MA=$B40)*IFERROR(VALUE(SUBSTITUTE($T$6:$T$100,"N","")),0)),SUMPRODUCT((BCC_MA=$B40)*IFERROR(VALUE(SUBSTITUTE($U$6:$U$100,"N","")),0)),SUMPRODUCT((BCC_MA=$B40)*IFERROR(VALUE(SUBSTITUTE($V$6:$V$100,"N","")),0)),SUMPRODUCT((BCC_MA=$B40)*IFERROR(VALUE(SUBSTITUTE($W$6:$W$100,"N","")),0)),SUMPRODUCT((BCC_MA=$B40)*IFERROR(VALUE(SUBSTITUTE($X$6:$X$100,"N","")),0)),SUMPRODUCT((BCC_MA=$B40)*IFERROR(VALUE(SUBSTITUTE($Y$6:$Y$100,"N","")),0)),SUMPRODUCT((BCC_MA=$B40)*IFERROR(VALUE(SUBSTITUTE($Z$6:$Z$100,"N","")),0)),SUMPRODUCT((BCC_MA=$B40)*IFERROR(VALUE(SUBSTITUTE($AA$6:$AA$100,"N","")),0)),SUMPRODUCT((BCC_MA=$B40)*IFERROR(VALUE(SUBSTITUTE($AB$6:$AB$100,"N","")),0)),SUMPRODUCT((BCC_MA=$B40)*IFERROR(VALUE(SUBSTITUTE($AC$6:$AC$100,"N","")),0)),SUMPRODUCT((BCC_MA=$B40)*IFERROR(VALUE(SUBSTITUTE($AD$6:$AD$100,"N","")),0)),SUMPRODUCT((BCC_MA=$B40)*IFERROR(VALUE(SUBSTITUTE($AE$6:$AE$100,"N","")),0)),SUMPRODUCT((BCC_MA=$B40)*IFERROR(VALUE(SUBSTITUTE($AF$6:$AF$100,"N","")),0)),SUMPRODUCT((BCC_MA=$B40)*IFERROR(VALUE(SUBSTITUTE($AG$6:$AG$100,"N","")),0)),SUMPRODUCT((BCC_MA=$B40)*IFERROR(VALUE(SUBSTITUTE($AH$6:$AH$100,"N","")),0)),SUMPRODUCT((BCC_MA=$B40)*IFERROR(VALUE(SUBSTITUTE($AI$6:$AI$100,"N","")),0)),SUMPRODUCT((BCC_MA=$B40)*IFERROR(VALUE(SUBSTITUTE($AJ$6:$AJ$100,"N","")),0)),SUMPRODUCT((BCC_MA=$B40)*IFERROR(VALUE(SUBSTITUTE($AK$6:$AK$100,"N","")),0)))) -> 8
A41: 36 | B41: QT-10 | C41: =IF(B41="","",IFERROR(INDEX(NV_TEN,MATCH(B41,NV_MA,0)),"MÃ KHÔNG CÓ")) -> Lê Thị Minh Thu | D41: Thời vụ HAQT | F41: =IF(D41="","",IFERROR(INDEX(NH_GIO,MATCH(D41,NH_TEN,0)),"NHÓM?")) -> 8 | J41: 8 | M41: 8 | Q41: 8 | S41: 8 | U41: 8 | AL41: =IF(B41="","",SUMPRODUCT(IFERROR(VALUE(SUBSTITUTE(G41:AK41,"N","")),0))) -> 40 | AM41: =IF(B41="","",AL41/F41) -> 5 | AN41: =IF(B41="","",SUMPRODUCT(ISNUMBER(SEARCH("N",G41:AK41))*IFERROR(VALUE(SUBSTITUTE(G41:AK41,"N","")),0))/F41) -> 0 | AR41: =IF(B41="",0,MAX(SUMPRODUCT((BCC_MA=$B41)*IFERROR(VALUE(SUBSTITUTE($G$6:$G$100,"N","")),0)),SUMPRODUCT((BCC_MA=$B41)*IFERROR(VALUE(SUBSTITUTE($H$6:$H$100,"N","")),0)),SUMPRODUCT((BCC_MA=$B41)*IFERROR(VALUE(SUBSTITUTE($I$6:$I$100,"N","")),0)),SUMPRODUCT((BCC_MA=$B41)*IFERROR(VALUE(SUBSTITUTE($J$6:$J$100,"N","")),0)),SUMPRODUCT((BCC_MA=$B41)*IFERROR(VALUE(SUBSTITUTE($K$6:$K$100,"N","")),0)),SUMPRODUCT((BCC_MA=$B41)*IFERROR(VALUE(SUBSTITUTE($L$6:$L$100,"N","")),0)),SUMPRODUCT((BCC_MA=$B41)*IFERROR(VALUE(SUBSTITUTE($M$6:$M$100,"N","")),0)),SUMPRODUCT((BCC_MA=$B41)*IFERROR(VALUE(SUBSTITUTE($N$6:$N$100,"N","")),0)),SUMPRODUCT((BCC_MA=$B41)*IFERROR(VALUE(SUBSTITUTE($O$6:$O$100,"N","")),0)),SUMPRODUCT((BCC_MA=$B41)*IFERROR(VALUE(SUBSTITUTE($P$6:$P$100,"N","")),0)),SUMPRODUCT((BCC_MA=$B41)*IFERROR(VALUE(SUBSTITUTE($Q$6:$Q$100,"N","")),0)),SUMPRODUCT((BCC_MA=$B41)*IFERROR(VALUE(SUBSTITUTE($R$6:$R$100,"N","")),0)),SUMPRODUCT((BCC_MA=$B41)*IFERROR(VALUE(SUBSTITUTE($S$6:$S$100,"N","")),0)),SUMPRODUCT((BCC_MA=$B41)*IFERROR(VALUE(SUBSTITUTE($T$6:$T$100,"N","")),0)),SUMPRODUCT((BCC_MA=$B41)*IFERROR(VALUE(SUBSTITUTE($U$6:$U$100,"N","")),0)),SUMPRODUCT((BCC_MA=$B41)*IFERROR(VALUE(SUBSTITUTE($V$6:$V$100,"N","")),0)),SUMPRODUCT((BCC_MA=$B41)*IFERROR(VALUE(SUBSTITUTE($W$6:$W$100,"N","")),0)),SUMPRODUCT((BCC_MA=$B41)*IFERROR(VALUE(SUBSTITUTE($X$6:$X$100,"N","")),0)),SUMPRODUCT((BCC_MA=$B41)*IFERROR(VALUE(SUBSTITUTE($Y$6:$Y$100,"N","")),0)),SUMPRODUCT((BCC_MA=$B41)*IFERROR(VALUE(SUBSTITUTE($Z$6:$Z$100,"N","")),0)),SUMPRODUCT((BCC_MA=$B41)*IFERROR(VALUE(SUBSTITUTE($AA$6:$AA$100,"N","")),0)),SUMPRODUCT((BCC_MA=$B41)*IFERROR(VALUE(SUBSTITUTE($AB$6:$AB$100,"N","")),0)),SUMPRODUCT((BCC_MA=$B41)*IFERROR(VALUE(SUBSTITUTE($AC$6:$AC$100,"N","")),0)),SUMPRODUCT((BCC_MA=$B41)*IFERROR(VALUE(SUBSTITUTE($AD$6:$AD$100,"N","")),0)),SUMPRODUCT((BCC_MA=$B41)*IFERROR(VALUE(SUBSTITUTE($AE$6:$AE$100,"N","")),0)),SUMPRODUCT((BCC_MA=$B41)*IFERROR(VALUE(SUBSTITUTE($AF$6:$AF$100,"N","")),0)),SUMPRODUCT((BCC_MA=$B41)*IFERROR(VALUE(SUBSTITUTE($AG$6:$AG$100,"N","")),0)),SUMPRODUCT((BCC_MA=$B41)*IFERROR(VALUE(SUBSTITUTE($AH$6:$AH$100,"N","")),0)),SUMPRODUCT((BCC_MA=$B41)*IFERROR(VALUE(SUBSTITUTE($AI$6:$AI$100,"N","")),0)),SUMPRODUCT((BCC_MA=$B41)*IFERROR(VALUE(SUBSTITUTE($AJ$6:$AJ$100,"N","")),0)),SUMPRODUCT((BCC_MA=$B41)*IFERROR(VALUE(SUBSTITUTE($AK$6:$AK$100,"N","")),0)))) -> 8
A42: 37 | B42: QT-11 | C42: =IF(B42="","",IFERROR(INDEX(NV_TEN,MATCH(B42,NV_MA,0)),"MÃ KHÔNG CÓ")) -> Trần Viết Hải | D42: Thời vụ HAQT | F42: =IF(D42="","",IFERROR(INDEX(NH_GIO,MATCH(D42,NH_TEN,0)),"NHÓM?")) -> 8 | Q42: 8 | S42: 8 | V42: 8 | W42: 8 | AG42: 8 | AI42: 8 | AL42: =IF(B42="","",SUMPRODUCT(IFERROR(VALUE(SUBSTITUTE(G42:AK42,"N","")),0))) -> 48 | AM42: =IF(B42="","",AL42/F42) -> 6 | AN42: =IF(B42="","",SUMPRODUCT(ISNUMBER(SEARCH("N",G42:AK42))*IFERROR(VALUE(SUBSTITUTE(G42:AK42,"N","")),0))/F42) -> 0 | AR42: =IF(B42="",0,MAX(SUMPRODUCT((BCC_MA=$B42)*IFERROR(VALUE(SUBSTITUTE($G$6:$G$100,"N","")),0)),SUMPRODUCT((BCC_MA=$B42)*IFERROR(VALUE(SUBSTITUTE($H$6:$H$100,"N","")),0)),SUMPRODUCT((BCC_MA=$B42)*IFERROR(VALUE(SUBSTITUTE($I$6:$I$100,"N","")),0)),SUMPRODUCT((BCC_MA=$B42)*IFERROR(VALUE(SUBSTITUTE($J$6:$J$100,"N","")),0)),SUMPRODUCT((BCC_MA=$B42)*IFERROR(VALUE(SUBSTITUTE($K$6:$K$100,"N","")),0)),SUMPRODUCT((BCC_MA=$B42)*IFERROR(VALUE(SUBSTITUTE($L$6:$L$100,"N","")),0)),SUMPRODUCT((BCC_MA=$B42)*IFERROR(VALUE(SUBSTITUTE($M$6:$M$100,"N","")),0)),SUMPRODUCT((BCC_MA=$B42)*IFERROR(VALUE(SUBSTITUTE($N$6:$N$100,"N","")),0)),SUMPRODUCT((BCC_MA=$B42)*IFERROR(VALUE(SUBSTITUTE($O$6:$O$100,"N","")),0)),SUMPRODUCT((BCC_MA=$B42)*IFERROR(VALUE(SUBSTITUTE($P$6:$P$100,"N","")),0)),SUMPRODUCT((BCC_MA=$B42)*IFERROR(VALUE(SUBSTITUTE($Q$6:$Q$100,"N","")),0)),SUMPRODUCT((BCC_MA=$B42)*IFERROR(VALUE(SUBSTITUTE($R$6:$R$100,"N","")),0)),SUMPRODUCT((BCC_MA=$B42)*IFERROR(VALUE(SUBSTITUTE($S$6:$S$100,"N","")),0)),SUMPRODUCT((BCC_MA=$B42)*IFERROR(VALUE(SUBSTITUTE($T$6:$T$100,"N","")),0)),SUMPRODUCT((BCC_MA=$B42)*IFERROR(VALUE(SUBSTITUTE($U$6:$U$100,"N","")),0)),SUMPRODUCT((BCC_MA=$B42)*IFERROR(VALUE(SUBSTITUTE($V$6:$V$100,"N","")),0)),SUMPRODUCT((BCC_MA=$B42)*IFERROR(VALUE(SUBSTITUTE($W$6:$W$100,"N","")),0)),SUMPRODUCT((BCC_MA=$B42)*IFERROR(VALUE(SUBSTITUTE($X$6:$X$100,"N","")),0)),SUMPRODUCT((BCC_MA=$B42)*IFERROR(VALUE(SUBSTITUTE($Y$6:$Y$100,"N","")),0)),SUMPRODUCT((BCC_MA=$B42)*IFERROR(VALUE(SUBSTITUTE($Z$6:$Z$100,"N","")),0)),SUMPRODUCT((BCC_MA=$B42)*IFERROR(VALUE(SUBSTITUTE($AA$6:$AA$100,"N","")),0)),SUMPRODUCT((BCC_MA=$B42)*IFERROR(VALUE(SUBSTITUTE($AB$6:$AB$100,"N","")),0)),SUMPRODUCT((BCC_MA=$B42)*IFERROR(VALUE(SUBSTITUTE($AC$6:$AC$100,"N","")),0)),SUMPRODUCT((BCC_MA=$B42)*IFERROR(VALUE(SUBSTITUTE($AD$6:$AD$100,"N","")),0)),SUMPRODUCT((BCC_MA=$B42)*IFERROR(VALUE(SUBSTITUTE($AE$6:$AE$100,"N","")),0)),SUMPRODUCT((BCC_MA=$B42)*IFERROR(VALUE(SUBSTITUTE($AF$6:$AF$100,"N","")),0)),SUMPRODUCT((BCC_MA=$B42)*IFERROR(VALUE(SUBSTITUTE($AG$6:$AG$100,"N","")),0)),SUMPRODUCT((BCC_MA=$B42)*IFERROR(VALUE(SUBSTITUTE($AH$6:$AH$100,"N","")),0)),SUMPRODUCT((BCC_MA=$B42)*IFERROR(VALUE(SUBSTITUTE($AI$6:$AI$100,"N","")),0)),SUMPRODUCT((BCC_MA=$B42)*IFERROR(VALUE(SUBSTITUTE($AJ$6:$AJ$100,"N","")),0)),SUMPRODUCT((BCC_MA=$B42)*IFERROR(VALUE(SUBSTITUTE($AK$6:$AK$100,"N","")),0)))) -> 8
A43: 38 | B43: QT-12 | C43: =IF(B43="","",IFERROR(INDEX(NV_TEN,MATCH(B43,NV_MA,0)),"MÃ KHÔNG CÓ")) -> Phạm Gia Hiếu | D43: Thời vụ HAQT | F43: =IF(D43="","",IFERROR(INDEX(NH_GIO,MATCH(D43,NH_TEN,0)),"NHÓM?")) -> 8 | G43: 8 | H43: 8 | I43: 8 | J43: 8 | K43: 8 | L43: 8 | M43: 8 | O43: 8 | Q43: 8 | R43: 8 | S43: 8 | T43: 8 | U43: 8 | V43: 8 | W43: 8 | AG43: 8 | AH43: 8 | AI43: 8 | AJ43: 8 | AL43: =IF(B43="","",SUMPRODUCT(IFERROR(VALUE(SUBSTITUTE(G43:AK43,"N","")),0))) -> 152 | AM43: =IF(B43="","",AL43/F43) -> 19 | AN43: =IF(B43="","",SUMPRODUCT(ISNUMBER(SEARCH("N",G43:AK43))*IFERROR(VALUE(SUBSTITUTE(G43:AK43,"N","")),0))/F43) -> 0 | AR43: =IF(B43="",0,MAX(SUMPRODUCT((BCC_MA=$B43)*IFERROR(VALUE(SUBSTITUTE($G$6:$G$100,"N","")),0)),SUMPRODUCT((BCC_MA=$B43)*IFERROR(VALUE(SUBSTITUTE($H$6:$H$100,"N","")),0)),SUMPRODUCT((BCC_MA=$B43)*IFERROR(VALUE(SUBSTITUTE($I$6:$I$100,"N","")),0)),SUMPRODUCT((BCC_MA=$B43)*IFERROR(VALUE(SUBSTITUTE($J$6:$J$100,"N","")),0)),SUMPRODUCT((BCC_MA=$B43)*IFERROR(VALUE(SUBSTITUTE($K$6:$K$100,"N","")),0)),SUMPRODUCT((BCC_MA=$B43)*IFERROR(VALUE(SUBSTITUTE($L$6:$L$100,"N","")),0)),SUMPRODUCT((BCC_MA=$B43)*IFERROR(VALUE(SUBSTITUTE($M$6:$M$100,"N","")),0)),SUMPRODUCT((BCC_MA=$B43)*IFERROR(VALUE(SUBSTITUTE($N$6:$N$100,"N","")),0)),SUMPRODUCT((BCC_MA=$B43)*IFERROR(VALUE(SUBSTITUTE($O$6:$O$100,"N","")),0)),SUMPRODUCT((BCC_MA=$B43)*IFERROR(VALUE(SUBSTITUTE($P$6:$P$100,"N","")),0)),SUMPRODUCT((BCC_MA=$B43)*IFERROR(VALUE(SUBSTITUTE($Q$6:$Q$100,"N","")),0)),SUMPRODUCT((BCC_MA=$B43)*IFERROR(VALUE(SUBSTITUTE($R$6:$R$100,"N","")),0)),SUMPRODUCT((BCC_MA=$B43)*IFERROR(VALUE(SUBSTITUTE($S$6:$S$100,"N","")),0)),SUMPRODUCT((BCC_MA=$B43)*IFERROR(VALUE(SUBSTITUTE($T$6:$T$100,"N","")),0)),SUMPRODUCT((BCC_MA=$B43)*IFERROR(VALUE(SUBSTITUTE($U$6:$U$100,"N","")),0)),SUMPRODUCT((BCC_MA=$B43)*IFERROR(VALUE(SUBSTITUTE($V$6:$V$100,"N","")),0)),SUMPRODUCT((BCC_MA=$B43)*IFERROR(VALUE(SUBSTITUTE($W$6:$W$100,"N","")),0)),SUMPRODUCT((BCC_MA=$B43)*IFERROR(VALUE(SUBSTITUTE($X$6:$X$100,"N","")),0)),SUMPRODUCT((BCC_MA=$B43)*IFERROR(VALUE(SUBSTITUTE($Y$6:$Y$100,"N","")),0)),SUMPRODUCT((BCC_MA=$B43)*IFERROR(VALUE(SUBSTITUTE($Z$6:$Z$100,"N","")),0)),SUMPRODUCT((BCC_MA=$B43)*IFERROR(VALUE(SUBSTITUTE($AA$6:$AA$100,"N","")),0)),SUMPRODUCT((BCC_MA=$B43)*IFERROR(VALUE(SUBSTITUTE($AB$6:$AB$100,"N","")),0)),SUMPRODUCT((BCC_MA=$B43)*IFERROR(VALUE(SUBSTITUTE($AC$6:$AC$100,"N","")),0)),SUMPRODUCT((BCC_MA=$B43)*IFERROR(VALUE(SUBSTITUTE($AD$6:$AD$100,"N","")),0)),SUMPRODUCT((BCC_MA=$B43)*IFERROR(VALUE(SUBSTITUTE($AE$6:$AE$100,"N","")),0)),SUMPRODUCT((BCC_MA=$B43)*IFERROR(VALUE(SUBSTITUTE($AF$6:$AF$100,"N","")),0)),SUMPRODUCT((BCC_MA=$B43)*IFERROR(VALUE(SUBSTITUTE($AG$6:$AG$100,"N","")),0)),SUMPRODUCT((BCC_MA=$B43)*IFERROR(VALUE(SUBSTITUTE($AH$6:$AH$100,"N","")),0)),SUMPRODUCT((BCC_MA=$B43)*IFERROR(VALUE(SUBSTITUTE($AI$6:$AI$100,"N","")),0)),SUMPRODUCT((BCC_MA=$B43)*IFERROR(VALUE(SUBSTITUTE($AJ$6:$AJ$100,"N","")),0)),SUMPRODUCT((BCC_MA=$B43)*IFERROR(VALUE(SUBSTITUTE($AK$6:$AK$100,"N","")),0)))) -> 8
A44: 39 | B44: QT-13 | C44: =IF(B44="","",IFERROR(INDEX(NV_TEN,MATCH(B44,NV_MA,0)),"MÃ KHÔNG CÓ")) -> Nguyễn Thọ Lộc | D44: Thời vụ HAQT | F44: =IF(D44="","",IFERROR(INDEX(NH_GIO,MATCH(D44,NH_TEN,0)),"NHÓM?")) -> 8 | I44: 8 | L44: 8 | Q44: 8 | S44: 8 | V44: 8 | AG44: 8 | AH44: 8 | AI44: 8 | AL44: =IF(B44="","",SUMPRODUCT(IFERROR(VALUE(SUBSTITUTE(G44:AK44,"N","")),0))) -> 64 | AM44: =IF(B44="","",AL44/F44) -> 8 | AN44: =IF(B44="","",SUMPRODUCT(ISNUMBER(SEARCH("N",G44:AK44))*IFERROR(VALUE(SUBSTITUTE(G44:AK44,"N","")),0))/F44) -> 0 | AR44: =IF(B44="",0,MAX(SUMPRODUCT((BCC_MA=$B44)*IFERROR(VALUE(SUBSTITUTE($G$6:$G$100,"N","")),0)),SUMPRODUCT((BCC_MA=$B44)*IFERROR(VALUE(SUBSTITUTE($H$6:$H$100,"N","")),0)),SUMPRODUCT((BCC_MA=$B44)*IFERROR(VALUE(SUBSTITUTE($I$6:$I$100,"N","")),0)),SUMPRODUCT((BCC_MA=$B44)*IFERROR(VALUE(SUBSTITUTE($J$6:$J$100,"N","")),0)),SUMPRODUCT((BCC_MA=$B44)*IFERROR(VALUE(SUBSTITUTE($K$6:$K$100,"N","")),0)),SUMPRODUCT((BCC_MA=$B44)*IFERROR(VALUE(SUBSTITUTE($L$6:$L$100,"N","")),0)),SUMPRODUCT((BCC_MA=$B44)*IFERROR(VALUE(SUBSTITUTE($M$6:$M$100,"N","")),0)),SUMPRODUCT((BCC_MA=$B44)*IFERROR(VALUE(SUBSTITUTE($N$6:$N$100,"N","")),0)),SUMPRODUCT((BCC_MA=$B44)*IFERROR(VALUE(SUBSTITUTE($O$6:$O$100,"N","")),0)),SUMPRODUCT((BCC_MA=$B44)*IFERROR(VALUE(SUBSTITUTE($P$6:$P$100,"N","")),0)),SUMPRODUCT((BCC_MA=$B44)*IFERROR(VALUE(SUBSTITUTE($Q$6:$Q$100,"N","")),0)),SUMPRODUCT((BCC_MA=$B44)*IFERROR(VALUE(SUBSTITUTE($R$6:$R$100,"N","")),0)),SUMPRODUCT((BCC_MA=$B44)*IFERROR(VALUE(SUBSTITUTE($S$6:$S$100,"N","")),0)),SUMPRODUCT((BCC_MA=$B44)*IFERROR(VALUE(SUBSTITUTE($T$6:$T$100,"N","")),0)),SUMPRODUCT((BCC_MA=$B44)*IFERROR(VALUE(SUBSTITUTE($U$6:$U$100,"N","")),0)),SUMPRODUCT((BCC_MA=$B44)*IFERROR(VALUE(SUBSTITUTE($V$6:$V$100,"N","")),0)),SUMPRODUCT((BCC_MA=$B44)*IFERROR(VALUE(SUBSTITUTE($W$6:$W$100,"N","")),0)),SUMPRODUCT((BCC_MA=$B44)*IFERROR(VALUE(SUBSTITUTE($X$6:$X$100,"N","")),0)),SUMPRODUCT((BCC_MA=$B44)*IFERROR(VALUE(SUBSTITUTE($Y$6:$Y$100,"N","")),0)),SUMPRODUCT((BCC_MA=$B44)*IFERROR(VALUE(SUBSTITUTE($Z$6:$Z$100,"N","")),0)),SUMPRODUCT((BCC_MA=$B44)*IFERROR(VALUE(SUBSTITUTE($AA$6:$AA$100,"N","")),0)),SUMPRODUCT((BCC_MA=$B44)*IFERROR(VALUE(SUBSTITUTE($AB$6:$AB$100,"N","")),0)),SUMPRODUCT((BCC_MA=$B44)*IFERROR(VALUE(SUBSTITUTE($AC$6:$AC$100,"N","")),0)),SUMPRODUCT((BCC_MA=$B44)*IFERROR(VALUE(SUBSTITUTE($AD$6:$AD$100,"N","")),0)),SUMPRODUCT((BCC_MA=$B44)*IFERROR(VALUE(SUBSTITUTE($AE$6:$AE$100,"N","")),0)),SUMPRODUCT((BCC_MA=$B44)*IFERROR(VALUE(SUBSTITUTE($AF$6:$AF$100,"N","")),0)),SUMPRODUCT((BCC_MA=$B44)*IFERROR(VALUE(SUBSTITUTE($AG$6:$AG$100,"N","")),0)),SUMPRODUCT((BCC_MA=$B44)*IFERROR(VALUE(SUBSTITUTE($AH$6:$AH$100,"N","")),0)),SUMPRODUCT((BCC_MA=$B44)*IFERROR(VALUE(SUBSTITUTE($AI$6:$AI$100,"N","")),0)),SUMPRODUCT((BCC_MA=$B44)*IFERROR(VALUE(SUBSTITUTE($AJ$6:$AJ$100,"N","")),0)),SUMPRODUCT((BCC_MA=$B44)*IFERROR(VALUE(SUBSTITUTE($AK$6:$AK$100,"N","")),0)))) -> 8
A45: 40 | B45: QT-14 | C45: =IF(B45="","",IFERROR(INDEX(NV_TEN,MATCH(B45,NV_MA,0)),"MÃ KHÔNG CÓ")) -> Nguyễn Phước Thành | D45: Thời vụ HAQT | F45: =IF(D45="","",IFERROR(INDEX(NH_GIO,MATCH(D45,NH_TEN,0)),"NHÓM?")) -> 8 | L45: 8 | S45: 8 | AL45: =IF(B45="","",SUMPRODUCT(IFERROR(VALUE(SUBSTITUTE(G45:AK45,"N","")),0))) -> 16 | AM45: =IF(B45="","",AL45/F45) -> 2 | AN45: =IF(B45="","",SUMPRODUCT(ISNUMBER(SEARCH("N",G45:AK45))*IFERROR(VALUE(SUBSTITUTE(G45:AK45,"N","")),0))/F45) -> 0 | AR45: =IF(B45="",0,MAX(SUMPRODUCT((BCC_MA=$B45)*IFERROR(VALUE(SUBSTITUTE($G$6:$G$100,"N","")),0)),SUMPRODUCT((BCC_MA=$B45)*IFERROR(VALUE(SUBSTITUTE($H$6:$H$100,"N","")),0)),SUMPRODUCT((BCC_MA=$B45)*IFERROR(VALUE(SUBSTITUTE($I$6:$I$100,"N","")),0)),SUMPRODUCT((BCC_MA=$B45)*IFERROR(VALUE(SUBSTITUTE($J$6:$J$100,"N","")),0)),SUMPRODUCT((BCC_MA=$B45)*IFERROR(VALUE(SUBSTITUTE($K$6:$K$100,"N","")),0)),SUMPRODUCT((BCC_MA=$B45)*IFERROR(VALUE(SUBSTITUTE($L$6:$L$100,"N","")),0)),SUMPRODUCT((BCC_MA=$B45)*IFERROR(VALUE(SUBSTITUTE($M$6:$M$100,"N","")),0)),SUMPRODUCT((BCC_MA=$B45)*IFERROR(VALUE(SUBSTITUTE($N$6:$N$100,"N","")),0)),SUMPRODUCT((BCC_MA=$B45)*IFERROR(VALUE(SUBSTITUTE($O$6:$O$100,"N","")),0)),SUMPRODUCT((BCC_MA=$B45)*IFERROR(VALUE(SUBSTITUTE($P$6:$P$100,"N","")),0)),SUMPRODUCT((BCC_MA=$B45)*IFERROR(VALUE(SUBSTITUTE($Q$6:$Q$100,"N","")),0)),SUMPRODUCT((BCC_MA=$B45)*IFERROR(VALUE(SUBSTITUTE($R$6:$R$100,"N","")),0)),SUMPRODUCT((BCC_MA=$B45)*IFERROR(VALUE(SUBSTITUTE($S$6:$S$100,"N","")),0)),SUMPRODUCT((BCC_MA=$B45)*IFERROR(VALUE(SUBSTITUTE($T$6:$T$100,"N","")),0)),SUMPRODUCT((BCC_MA=$B45)*IFERROR(VALUE(SUBSTITUTE($U$6:$U$100,"N","")),0)),SUMPRODUCT((BCC_MA=$B45)*IFERROR(VALUE(SUBSTITUTE($V$6:$V$100,"N","")),0)),SUMPRODUCT((BCC_MA=$B45)*IFERROR(VALUE(SUBSTITUTE($W$6:$W$100,"N","")),0)),SUMPRODUCT((BCC_MA=$B45)*IFERROR(VALUE(SUBSTITUTE($X$6:$X$100,"N","")),0)),SUMPRODUCT((BCC_MA=$B45)*IFERROR(VALUE(SUBSTITUTE($Y$6:$Y$100,"N","")),0)),SUMPRODUCT((BCC_MA=$B45)*IFERROR(VALUE(SUBSTITUTE($Z$6:$Z$100,"N","")),0)),SUMPRODUCT((BCC_MA=$B45)*IFERROR(VALUE(SUBSTITUTE($AA$6:$AA$100,"N","")),0)),SUMPRODUCT((BCC_MA=$B45)*IFERROR(VALUE(SUBSTITUTE($AB$6:$AB$100,"N","")),0)),SUMPRODUCT((BCC_MA=$B45)*IFERROR(VALUE(SUBSTITUTE($AC$6:$AC$100,"N","")),0)),SUMPRODUCT((BCC_MA=$B45)*IFERROR(VALUE(SUBSTITUTE($AD$6:$AD$100,"N","")),0)),SUMPRODUCT((BCC_MA=$B45)*IFERROR(VALUE(SUBSTITUTE($AE$6:$AE$100,"N","")),0)),SUMPRODUCT((BCC_MA=$B45)*IFERROR(VALUE(SUBSTITUTE($AF$6:$AF$100,"N","")),0)),SUMPRODUCT((BCC_MA=$B45)*IFERROR(VALUE(SUBSTITUTE($AG$6:$AG$100,"N","")),0)),SUMPRODUCT((BCC_MA=$B45)*IFERROR(VALUE(SUBSTITUTE($AH$6:$AH$100,"N","")),0)),SUMPRODUCT((BCC_MA=$B45)*IFERROR(VALUE(SUBSTITUTE($AI$6:$AI$100,"N","")),0)),SUMPRODUCT((BCC_MA=$B45)*IFERROR(VALUE(SUBSTITUTE($AJ$6:$AJ$100,"N","")),0)),SUMPRODUCT((BCC_MA=$B45)*IFERROR(VALUE(SUBSTITUTE($AK$6:$AK$100,"N","")),0)))) -> 8
A46: 41 | B46: QT-15 | C46: =IF(B46="","",IFERROR(INDEX(NV_TEN,MATCH(B46,NV_MA,0)),"MÃ KHÔNG CÓ")) -> Nguyễn Thị X Thành | D46: Thời vụ HAQT | F46: =IF(D46="","",IFERROR(INDEX(NH_GIO,MATCH(D46,NH_TEN,0)),"NHÓM?")) -> 8 | G46: 8 | I46: 8 | J46: 8 | K46: 8 | L46: 8 | Q46: 8 | R46: 8 | S46: 8 | AB46: 8 | AC46: 8 | AL46: =IF(B46="","",SUMPRODUCT(IFERROR(VALUE(SUBSTITUTE(G46:AK46,"N","")),0))) -> 80 | AM46: =IF(B46="","",AL46/F46) -> 10 | AN46: =IF(B46="","",SUMPRODUCT(ISNUMBER(SEARCH("N",G46:AK46))*IFERROR(VALUE(SUBSTITUTE(G46:AK46,"N","")),0))/F46) -> 0 | AR46: =IF(B46="",0,MAX(SUMPRODUCT((BCC_MA=$B46)*IFERROR(VALUE(SUBSTITUTE($G$6:$G$100,"N","")),0)),SUMPRODUCT((BCC_MA=$B46)*IFERROR(VALUE(SUBSTITUTE($H$6:$H$100,"N","")),0)),SUMPRODUCT((BCC_MA=$B46)*IFERROR(VALUE(SUBSTITUTE($I$6:$I$100,"N","")),0)),SUMPRODUCT((BCC_MA=$B46)*IFERROR(VALUE(SUBSTITUTE($J$6:$J$100,"N","")),0)),SUMPRODUCT((BCC_MA=$B46)*IFERROR(VALUE(SUBSTITUTE($K$6:$K$100,"N","")),0)),SUMPRODUCT((BCC_MA=$B46)*IFERROR(VALUE(SUBSTITUTE($L$6:$L$100,"N","")),0)),SUMPRODUCT((BCC_MA=$B46)*IFERROR(VALUE(SUBSTITUTE($M$6:$M$100,"N","")),0)),SUMPRODUCT((BCC_MA=$B46)*IFERROR(VALUE(SUBSTITUTE($N$6:$N$100,"N","")),0)),SUMPRODUCT((BCC_MA=$B46)*IFERROR(VALUE(SUBSTITUTE($O$6:$O$100,"N","")),0)),SUMPRODUCT((BCC_MA=$B46)*IFERROR(VALUE(SUBSTITUTE($P$6:$P$100,"N","")),0)),SUMPRODUCT((BCC_MA=$B46)*IFERROR(VALUE(SUBSTITUTE($Q$6:$Q$100,"N","")),0)),SUMPRODUCT((BCC_MA=$B46)*IFERROR(VALUE(SUBSTITUTE($R$6:$R$100,"N","")),0)),SUMPRODUCT((BCC_MA=$B46)*IFERROR(VALUE(SUBSTITUTE($S$6:$S$100,"N","")),0)),SUMPRODUCT((BCC_MA=$B46)*IFERROR(VALUE(SUBSTITUTE($T$6:$T$100,"N","")),0)),SUMPRODUCT((BCC_MA=$B46)*IFERROR(VALUE(SUBSTITUTE($U$6:$U$100,"N","")),0)),SUMPRODUCT((BCC_MA=$B46)*IFERROR(VALUE(SUBSTITUTE($V$6:$V$100,"N","")),0)),SUMPRODUCT((BCC_MA=$B46)*IFERROR(VALUE(SUBSTITUTE($W$6:$W$100,"N","")),0)),SUMPRODUCT((BCC_MA=$B46)*IFERROR(VALUE(SUBSTITUTE($X$6:$X$100,"N","")),0)),SUMPRODUCT((BCC_MA=$B46)*IFERROR(VALUE(SUBSTITUTE($Y$6:$Y$100,"N","")),0)),SUMPRODUCT((BCC_MA=$B46)*IFERROR(VALUE(SUBSTITUTE($Z$6:$Z$100,"N","")),0)),SUMPRODUCT((BCC_MA=$B46)*IFERROR(VALUE(SUBSTITUTE($AA$6:$AA$100,"N","")),0)),SUMPRODUCT((BCC_MA=$B46)*IFERROR(VALUE(SUBSTITUTE($AB$6:$AB$100,"N","")),0)),SUMPRODUCT((BCC_MA=$B46)*IFERROR(VALUE(SUBSTITUTE($AC$6:$AC$100,"N","")),0)),SUMPRODUCT((BCC_MA=$B46)*IFERROR(VALUE(SUBSTITUTE($AD$6:$AD$100,"N","")),0)),SUMPRODUCT((BCC_MA=$B46)*IFERROR(VALUE(SUBSTITUTE($AE$6:$AE$100,"N","")),0)),SUMPRODUCT((BCC_MA=$B46)*IFERROR(VALUE(SUBSTITUTE($AF$6:$AF$100,"N","")),0)),SUMPRODUCT((BCC_MA=$B46)*IFERROR(VALUE(SUBSTITUTE($AG$6:$AG$100,"N","")),0)),SUMPRODUCT((BCC_MA=$B46)*IFERROR(VALUE(SUBSTITUTE($AH$6:$AH$100,"N","")),0)),SUMPRODUCT((BCC_MA=$B46)*IFERROR(VALUE(SUBSTITUTE($AI$6:$AI$100,"N","")),0)),SUMPRODUCT((BCC_MA=$B46)*IFERROR(VALUE(SUBSTITUTE($AJ$6:$AJ$100,"N","")),0)),SUMPRODUCT((BCC_MA=$B46)*IFERROR(VALUE(SUBSTITUTE($AK$6:$AK$100,"N","")),0)))) -> 8
A47: 42 | B47: QT-16 | C47: =IF(B47="","",IFERROR(INDEX(NV_TEN,MATCH(B47,NV_MA,0)),"MÃ KHÔNG CÓ")) -> Nguyễn Thị Mai | D47: Thời vụ HAQT | F47: =IF(D47="","",IFERROR(INDEX(NH_GIO,MATCH(D47,NH_TEN,0)),"NHÓM?")) -> 8 | I47: 8 | L47: 8 | Q47: 8 | S47: 8 | V47: 8 | AG47: 8 | AH47: 8 | AL47: =IF(B47="","",SUMPRODUCT(IFERROR(VALUE(SUBSTITUTE(G47:AK47,"N","")),0))) -> 56 | AM47: =IF(B47="","",AL47/F47) -> 7 | AN47: =IF(B47="","",SUMPRODUCT(ISNUMBER(SEARCH("N",G47:AK47))*IFERROR(VALUE(SUBSTITUTE(G47:AK47,"N","")),0))/F47) -> 0 | AR47: =IF(B47="",0,MAX(SUMPRODUCT((BCC_MA=$B47)*IFERROR(VALUE(SUBSTITUTE($G$6:$G$100,"N","")),0)),SUMPRODUCT((BCC_MA=$B47)*IFERROR(VALUE(SUBSTITUTE($H$6:$H$100,"N","")),0)),SUMPRODUCT((BCC_MA=$B47)*IFERROR(VALUE(SUBSTITUTE($I$6:$I$100,"N","")),0)),SUMPRODUCT((BCC_MA=$B47)*IFERROR(VALUE(SUBSTITUTE($J$6:$J$100,"N","")),0)),SUMPRODUCT((BCC_MA=$B47)*IFERROR(VALUE(SUBSTITUTE($K$6:$K$100,"N","")),0)),SUMPRODUCT((BCC_MA=$B47)*IFERROR(VALUE(SUBSTITUTE($L$6:$L$100,"N","")),0)),SUMPRODUCT((BCC_MA=$B47)*IFERROR(VALUE(SUBSTITUTE($M$6:$M$100,"N","")),0)),SUMPRODUCT((BCC_MA=$B47)*IFERROR(VALUE(SUBSTITUTE($N$6:$N$100,"N","")),0)),SUMPRODUCT((BCC_MA=$B47)*IFERROR(VALUE(SUBSTITUTE($O$6:$O$100,"N","")),0)),SUMPRODUCT((BCC_MA=$B47)*IFERROR(VALUE(SUBSTITUTE($P$6:$P$100,"N","")),0)),SUMPRODUCT((BCC_MA=$B47)*IFERROR(VALUE(SUBSTITUTE($Q$6:$Q$100,"N","")),0)),SUMPRODUCT((BCC_MA=$B47)*IFERROR(VALUE(SUBSTITUTE($R$6:$R$100,"N","")),0)),SUMPRODUCT((BCC_MA=$B47)*IFERROR(VALUE(SUBSTITUTE($S$6:$S$100,"N","")),0)),SUMPRODUCT((BCC_MA=$B47)*IFERROR(VALUE(SUBSTITUTE($T$6:$T$100,"N","")),0)),SUMPRODUCT((BCC_MA=$B47)*IFERROR(VALUE(SUBSTITUTE($U$6:$U$100,"N","")),0)),SUMPRODUCT((BCC_MA=$B47)*IFERROR(VALUE(SUBSTITUTE($V$6:$V$100,"N","")),0)),SUMPRODUCT((BCC_MA=$B47)*IFERROR(VALUE(SUBSTITUTE($W$6:$W$100,"N","")),0)),SUMPRODUCT((BCC_MA=$B47)*IFERROR(VALUE(SUBSTITUTE($X$6:$X$100,"N","")),0)),SUMPRODUCT((BCC_MA=$B47)*IFERROR(VALUE(SUBSTITUTE($Y$6:$Y$100,"N","")),0)),SUMPRODUCT((BCC_MA=$B47)*IFERROR(VALUE(SUBSTITUTE($Z$6:$Z$100,"N","")),0)),SUMPRODUCT((BCC_MA=$B47)*IFERROR(VALUE(SUBSTITUTE($AA$6:$AA$100,"N","")),0)),SUMPRODUCT((BCC_MA=$B47)*IFERROR(VALUE(SUBSTITUTE($AB$6:$AB$100,"N","")),0)),SUMPRODUCT((BCC_MA=$B47)*IFERROR(VALUE(SUBSTITUTE($AC$6:$AC$100,"N","")),0)),SUMPRODUCT((BCC_MA=$B47)*IFERROR(VALUE(SUBSTITUTE($AD$6:$AD$100,"N","")),0)),SUMPRODUCT((BCC_MA=$B47)*IFERROR(VALUE(SUBSTITUTE($AE$6:$AE$100,"N","")),0)),SUMPRODUCT((BCC_MA=$B47)*IFERROR(VALUE(SUBSTITUTE($AF$6:$AF$100,"N","")),0)),SUMPRODUCT((BCC_MA=$B47)*IFERROR(VALUE(SUBSTITUTE($AG$6:$AG$100,"N","")),0)),SUMPRODUCT((BCC_MA=$B47)*IFERROR(VALUE(SUBSTITUTE($AH$6:$AH$100,"N","")),0)),SUMPRODUCT((BCC_MA=$B47)*IFERROR(VALUE(SUBSTITUTE($AI$6:$AI$100,"N","")),0)),SUMPRODUCT((BCC_MA=$B47)*IFERROR(VALUE(SUBSTITUTE($AJ$6:$AJ$100,"N","")),0)),SUMPRODUCT((BCC_MA=$B47)*IFERROR(VALUE(SUBSTITUTE($AK$6:$AK$100,"N","")),0)))) -> 8
A48: 43 | B48: QT-17 | C48: =IF(B48="","",IFERROR(INDEX(NV_TEN,MATCH(B48,NV_MA,0)),"MÃ KHÔNG CÓ")) -> Nguyễn Thị Điệp | D48: Thời vụ HAQT | F48: =IF(D48="","",IFERROR(INDEX(NH_GIO,MATCH(D48,NH_TEN,0)),"NHÓM?")) -> 8 | G48: 8 | I48: 8 | J48: 8 | K48: 8 | L48: 8 | Q48: 8 | R48: 8 | S48: 8 | V48: 8 | AL48: =IF(B48="","",SUMPRODUCT(IFERROR(VALUE(SUBSTITUTE(G48:AK48,"N","")),0))) -> 72 | AM48: =IF(B48="","",AL48/F48) -> 9 | AN48: =IF(B48="","",SUMPRODUCT(ISNUMBER(SEARCH("N",G48:AK48))*IFERROR(VALUE(SUBSTITUTE(G48:AK48,"N","")),0))/F48) -> 0 | AR48: =IF(B48="",0,MAX(SUMPRODUCT((BCC_MA=$B48)*IFERROR(VALUE(SUBSTITUTE($G$6:$G$100,"N","")),0)),SUMPRODUCT((BCC_MA=$B48)*IFERROR(VALUE(SUBSTITUTE($H$6:$H$100,"N","")),0)),SUMPRODUCT((BCC_MA=$B48)*IFERROR(VALUE(SUBSTITUTE($I$6:$I$100,"N","")),0)),SUMPRODUCT((BCC_MA=$B48)*IFERROR(VALUE(SUBSTITUTE($J$6:$J$100,"N","")),0)),SUMPRODUCT((BCC_MA=$B48)*IFERROR(VALUE(SUBSTITUTE($K$6:$K$100,"N","")),0)),SUMPRODUCT((BCC_MA=$B48)*IFERROR(VALUE(SUBSTITUTE($L$6:$L$100,"N","")),0)),SUMPRODUCT((BCC_MA=$B48)*IFERROR(VALUE(SUBSTITUTE($M$6:$M$100,"N","")),0)),SUMPRODUCT((BCC_MA=$B48)*IFERROR(VALUE(SUBSTITUTE($N$6:$N$100,"N","")),0)),SUMPRODUCT((BCC_MA=$B48)*IFERROR(VALUE(SUBSTITUTE($O$6:$O$100,"N","")),0)),SUMPRODUCT((BCC_MA=$B48)*IFERROR(VALUE(SUBSTITUTE($P$6:$P$100,"N","")),0)),SUMPRODUCT((BCC_MA=$B48)*IFERROR(VALUE(SUBSTITUTE($Q$6:$Q$100,"N","")),0)),SUMPRODUCT((BCC_MA=$B48)*IFERROR(VALUE(SUBSTITUTE($R$6:$R$100,"N","")),0)),SUMPRODUCT((BCC_MA=$B48)*IFERROR(VALUE(SUBSTITUTE($S$6:$S$100,"N","")),0)),SUMPRODUCT((BCC_MA=$B48)*IFERROR(VALUE(SUBSTITUTE($T$6:$T$100,"N","")),0)),SUMPRODUCT((BCC_MA=$B48)*IFERROR(VALUE(SUBSTITUTE($U$6:$U$100,"N","")),0)),SUMPRODUCT((BCC_MA=$B48)*IFERROR(VALUE(SUBSTITUTE($V$6:$V$100,"N","")),0)),SUMPRODUCT((BCC_MA=$B48)*IFERROR(VALUE(SUBSTITUTE($W$6:$W$100,"N","")),0)),SUMPRODUCT((BCC_MA=$B48)*IFERROR(VALUE(SUBSTITUTE($X$6:$X$100,"N","")),0)),SUMPRODUCT((BCC_MA=$B48)*IFERROR(VALUE(SUBSTITUTE($Y$6:$Y$100,"N","")),0)),SUMPRODUCT((BCC_MA=$B48)*IFERROR(VALUE(SUBSTITUTE($Z$6:$Z$100,"N","")),0)),SUMPRODUCT((BCC_MA=$B48)*IFERROR(VALUE(SUBSTITUTE($AA$6:$AA$100,"N","")),0)),SUMPRODUCT((BCC_MA=$B48)*IFERROR(VALUE(SUBSTITUTE($AB$6:$AB$100,"N","")),0)),SUMPRODUCT((BCC_MA=$B48)*IFERROR(VALUE(SUBSTITUTE($AC$6:$AC$100,"N","")),0)),SUMPRODUCT((BCC_MA=$B48)*IFERROR(VALUE(SUBSTITUTE($AD$6:$AD$100,"N","")),0)),SUMPRODUCT((BCC_MA=$B48)*IFERROR(VALUE(SUBSTITUTE($AE$6:$AE$100,"N","")),0)),SUMPRODUCT((BCC_MA=$B48)*IFERROR(VALUE(SUBSTITUTE($AF$6:$AF$100,"N","")),0)),SUMPRODUCT((BCC_MA=$B48)*IFERROR(VALUE(SUBSTITUTE($AG$6:$AG$100,"N","")),0)),SUMPRODUCT((BCC_MA=$B48)*IFERROR(VALUE(SUBSTITUTE($AH$6:$AH$100,"N","")),0)),SUMPRODUCT((BCC_MA=$B48)*IFERROR(VALUE(SUBSTITUTE($AI$6:$AI$100,"N","")),0)),SUMPRODUCT((BCC_MA=$B48)*IFERROR(VALUE(SUBSTITUTE($AJ$6:$AJ$100,"N","")),0)),SUMPRODUCT((BCC_MA=$B48)*IFERROR(VALUE(SUBSTITUTE($AK$6:$AK$100,"N","")),0)))) -> 8
A49: 44 | B49: QT-18 | C49: =IF(B49="","",IFERROR(INDEX(NV_TEN,MATCH(B49,NV_MA,0)),"MÃ KHÔNG CÓ")) -> Trần Thị Thắm | D49: Thời vụ HAQT | F49: =IF(D49="","",IFERROR(INDEX(NH_GIO,MATCH(D49,NH_TEN,0)),"NHÓM?")) -> 8 | L49: 8 | Q49: 8 | S49: 8 | V49: 8 | AL49: =IF(B49="","",SUMPRODUCT(IFERROR(VALUE(SUBSTITUTE(G49:AK49,"N","")),0))) -> 32 | AM49: =IF(B49="","",AL49/F49) -> 4 | AN49: =IF(B49="","",SUMPRODUCT(ISNUMBER(SEARCH("N",G49:AK49))*IFERROR(VALUE(SUBSTITUTE(G49:AK49,"N","")),0))/F49) -> 0 | AR49: =IF(B49="",0,MAX(SUMPRODUCT((BCC_MA=$B49)*IFERROR(VALUE(SUBSTITUTE($G$6:$G$100,"N","")),0)),SUMPRODUCT((BCC_MA=$B49)*IFERROR(VALUE(SUBSTITUTE($H$6:$H$100,"N","")),0)),SUMPRODUCT((BCC_MA=$B49)*IFERROR(VALUE(SUBSTITUTE($I$6:$I$100,"N","")),0)),SUMPRODUCT((BCC_MA=$B49)*IFERROR(VALUE(SUBSTITUTE($J$6:$J$100,"N","")),0)),SUMPRODUCT((BCC_MA=$B49)*IFERROR(VALUE(SUBSTITUTE($K$6:$K$100,"N","")),0)),SUMPRODUCT((BCC_MA=$B49)*IFERROR(VALUE(SUBSTITUTE($L$6:$L$100,"N","")),0)),SUMPRODUCT((BCC_MA=$B49)*IFERROR(VALUE(SUBSTITUTE($M$6:$M$100,"N","")),0)),SUMPRODUCT((BCC_MA=$B49)*IFERROR(VALUE(SUBSTITUTE($N$6:$N$100,"N","")),0)),SUMPRODUCT((BCC_MA=$B49)*IFERROR(VALUE(SUBSTITUTE($O$6:$O$100,"N","")),0)),SUMPRODUCT((BCC_MA=$B49)*IFERROR(VALUE(SUBSTITUTE($P$6:$P$100,"N","")),0)),SUMPRODUCT((BCC_MA=$B49)*IFERROR(VALUE(SUBSTITUTE($Q$6:$Q$100,"N","")),0)),SUMPRODUCT((BCC_MA=$B49)*IFERROR(VALUE(SUBSTITUTE($R$6:$R$100,"N","")),0)),SUMPRODUCT((BCC_MA=$B49)*IFERROR(VALUE(SUBSTITUTE($S$6:$S$100,"N","")),0)),SUMPRODUCT((BCC_MA=$B49)*IFERROR(VALUE(SUBSTITUTE($T$6:$T$100,"N","")),0)),SUMPRODUCT((BCC_MA=$B49)*IFERROR(VALUE(SUBSTITUTE($U$6:$U$100,"N","")),0)),SUMPRODUCT((BCC_MA=$B49)*IFERROR(VALUE(SUBSTITUTE($V$6:$V$100,"N","")),0)),SUMPRODUCT((BCC_MA=$B49)*IFERROR(VALUE(SUBSTITUTE($W$6:$W$100,"N","")),0)),SUMPRODUCT((BCC_MA=$B49)*IFERROR(VALUE(SUBSTITUTE($X$6:$X$100,"N","")),0)),SUMPRODUCT((BCC_MA=$B49)*IFERROR(VALUE(SUBSTITUTE($Y$6:$Y$100,"N","")),0)),SUMPRODUCT((BCC_MA=$B49)*IFERROR(VALUE(SUBSTITUTE($Z$6:$Z$100,"N","")),0)),SUMPRODUCT((BCC_MA=$B49)*IFERROR(VALUE(SUBSTITUTE($AA$6:$AA$100,"N","")),0)),SUMPRODUCT((BCC_MA=$B49)*IFERROR(VALUE(SUBSTITUTE($AB$6:$AB$100,"N","")),0)),SUMPRODUCT((BCC_MA=$B49)*IFERROR(VALUE(SUBSTITUTE($AC$6:$AC$100,"N","")),0)),SUMPRODUCT((BCC_MA=$B49)*IFERROR(VALUE(SUBSTITUTE($AD$6:$AD$100,"N","")),0)),SUMPRODUCT((BCC_MA=$B49)*IFERROR(VALUE(SUBSTITUTE($AE$6:$AE$100,"N","")),0)),SUMPRODUCT((BCC_MA=$B49)*IFERROR(VALUE(SUBSTITUTE($AF$6:$AF$100,"N","")),0)),SUMPRODUCT((BCC_MA=$B49)*IFERROR(VALUE(SUBSTITUTE($AG$6:$AG$100,"N","")),0)),SUMPRODUCT((BCC_MA=$B49)*IFERROR(VALUE(SUBSTITUTE($AH$6:$AH$100,"N","")),0)),SUMPRODUCT((BCC_MA=$B49)*IFERROR(VALUE(SUBSTITUTE($AI$6:$AI$100,"N","")),0)),SUMPRODUCT((BCC_MA=$B49)*IFERROR(VALUE(SUBSTITUTE($AJ$6:$AJ$100,"N","")),0)),SUMPRODUCT((BCC_MA=$B49)*IFERROR(VALUE(SUBSTITUTE($AK$6:$AK$100,"N","")),0)))) -> 8
A50: 45 | B50: QT-19 | C50: =IF(B50="","",IFERROR(INDEX(NV_TEN,MATCH(B50,NV_MA,0)),"MÃ KHÔNG CÓ")) -> Lê Thị Thủy | D50: Thời vụ HAQT | F50: =IF(D50="","",IFERROR(INDEX(NH_GIO,MATCH(D50,NH_TEN,0)),"NHÓM?")) -> 8 | I50: 8 | Q50: 8 | S50: 8 | V50: 8 | AI50: 8 | AL50: =IF(B50="","",SUMPRODUCT(IFERROR(VALUE(SUBSTITUTE(G50:AK50,"N","")),0))) -> 40 | AM50: =IF(B50="","",AL50/F50) -> 5 | AN50: =IF(B50="","",SUMPRODUCT(ISNUMBER(SEARCH("N",G50:AK50))*IFERROR(VALUE(SUBSTITUTE(G50:AK50,"N","")),0))/F50) -> 0 | AR50: =IF(B50="",0,MAX(SUMPRODUCT((BCC_MA=$B50)*IFERROR(VALUE(SUBSTITUTE($G$6:$G$100,"N","")),0)),SUMPRODUCT((BCC_MA=$B50)*IFERROR(VALUE(SUBSTITUTE($H$6:$H$100,"N","")),0)),SUMPRODUCT((BCC_MA=$B50)*IFERROR(VALUE(SUBSTITUTE($I$6:$I$100,"N","")),0)),SUMPRODUCT((BCC_MA=$B50)*IFERROR(VALUE(SUBSTITUTE($J$6:$J$100,"N","")),0)),SUMPRODUCT((BCC_MA=$B50)*IFERROR(VALUE(SUBSTITUTE($K$6:$K$100,"N","")),0)),SUMPRODUCT((BCC_MA=$B50)*IFERROR(VALUE(SUBSTITUTE($L$6:$L$100,"N","")),0)),SUMPRODUCT((BCC_MA=$B50)*IFERROR(VALUE(SUBSTITUTE($M$6:$M$100,"N","")),0)),SUMPRODUCT((BCC_MA=$B50)*IFERROR(VALUE(SUBSTITUTE($N$6:$N$100,"N","")),0)),SUMPRODUCT((BCC_MA=$B50)*IFERROR(VALUE(SUBSTITUTE($O$6:$O$100,"N","")),0)),SUMPRODUCT((BCC_MA=$B50)*IFERROR(VALUE(SUBSTITUTE($P$6:$P$100,"N","")),0)),SUMPRODUCT((BCC_MA=$B50)*IFERROR(VALUE(SUBSTITUTE($Q$6:$Q$100,"N","")),0)),SUMPRODUCT((BCC_MA=$B50)*IFERROR(VALUE(SUBSTITUTE($R$6:$R$100,"N","")),0)),SUMPRODUCT((BCC_MA=$B50)*IFERROR(VALUE(SUBSTITUTE($S$6:$S$100,"N","")),0)),SUMPRODUCT((BCC_MA=$B50)*IFERROR(VALUE(SUBSTITUTE($T$6:$T$100,"N","")),0)),SUMPRODUCT((BCC_MA=$B50)*IFERROR(VALUE(SUBSTITUTE($U$6:$U$100,"N","")),0)),SUMPRODUCT((BCC_MA=$B50)*IFERROR(VALUE(SUBSTITUTE($V$6:$V$100,"N","")),0)),SUMPRODUCT((BCC_MA=$B50)*IFERROR(VALUE(SUBSTITUTE($W$6:$W$100,"N","")),0)),SUMPRODUCT((BCC_MA=$B50)*IFERROR(VALUE(SUBSTITUTE($X$6:$X$100,"N","")),0)),SUMPRODUCT((BCC_MA=$B50)*IFERROR(VALUE(SUBSTITUTE($Y$6:$Y$100,"N","")),0)),SUMPRODUCT((BCC_MA=$B50)*IFERROR(VALUE(SUBSTITUTE($Z$6:$Z$100,"N","")),0)),SUMPRODUCT((BCC_MA=$B50)*IFERROR(VALUE(SUBSTITUTE($AA$6:$AA$100,"N","")),0)),SUMPRODUCT((BCC_MA=$B50)*IFERROR(VALUE(SUBSTITUTE($AB$6:$AB$100,"N","")),0)),SUMPRODUCT((BCC_MA=$B50)*IFERROR(VALUE(SUBSTITUTE($AC$6:$AC$100,"N","")),0)),SUMPRODUCT((BCC_MA=$B50)*IFERROR(VALUE(SUBSTITUTE($AD$6:$AD$100,"N","")),0)),SUMPRODUCT((BCC_MA=$B50)*IFERROR(VALUE(SUBSTITUTE($AE$6:$AE$100,"N","")),0)),SUMPRODUCT((BCC_MA=$B50)*IFERROR(VALUE(SUBSTITUTE($AF$6:$AF$100,"N","")),0)),SUMPRODUCT((BCC_MA=$B50)*IFERROR(VALUE(SUBSTITUTE($AG$6:$AG$100,"N","")),0)),SUMPRODUCT((BCC_MA=$B50)*IFERROR(VALUE(SUBSTITUTE($AH$6:$AH$100,"N","")),0)),SUMPRODUCT((BCC_MA=$B50)*IFERROR(VALUE(SUBSTITUTE($AI$6:$AI$100,"N","")),0)),SUMPRODUCT((BCC_MA=$B50)*IFERROR(VALUE(SUBSTITUTE($AJ$6:$AJ$100,"N","")),0)),SUMPRODUCT((BCC_MA=$B50)*IFERROR(VALUE(SUBSTITUTE($AK$6:$AK$100,"N","")),0)))) -> 8
A51: 46 | B51: QT-20 | C51: =IF(B51="","",IFERROR(INDEX(NV_TEN,MATCH(B51,NV_MA,0)),"MÃ KHÔNG CÓ")) -> Nguyễn Thị Kim Thoa | D51: Thời vụ HAQT | F51: =IF(D51="","",IFERROR(INDEX(NH_GIO,MATCH(D51,NH_TEN,0)),"NHÓM?")) -> 8 | I51: 8 | L51: 8 | Q51: 8 | R51: 8 | S51: 8 | V51: 8 | AL51: =IF(B51="","",SUMPRODUCT(IFERROR(VALUE(SUBSTITUTE(G51:AK51,"N","")),0))) -> 48 | AM51: =IF(B51="","",AL51/F51) -> 6 | AN51: =IF(B51="","",SUMPRODUCT(ISNUMBER(SEARCH("N",G51:AK51))*IFERROR(VALUE(SUBSTITUTE(G51:AK51,"N","")),0))/F51) -> 0 | AR51: =IF(B51="",0,MAX(SUMPRODUCT((BCC_MA=$B51)*IFERROR(VALUE(SUBSTITUTE($G$6:$G$100,"N","")),0)),SUMPRODUCT((BCC_MA=$B51)*IFERROR(VALUE(SUBSTITUTE($H$6:$H$100,"N","")),0)),SUMPRODUCT((BCC_MA=$B51)*IFERROR(VALUE(SUBSTITUTE($I$6:$I$100,"N","")),0)),SUMPRODUCT((BCC_MA=$B51)*IFERROR(VALUE(SUBSTITUTE($J$6:$J$100,"N","")),0)),SUMPRODUCT((BCC_MA=$B51)*IFERROR(VALUE(SUBSTITUTE($K$6:$K$100,"N","")),0)),SUMPRODUCT((BCC_MA=$B51)*IFERROR(VALUE(SUBSTITUTE($L$6:$L$100,"N","")),0)),SUMPRODUCT((BCC_MA=$B51)*IFERROR(VALUE(SUBSTITUTE($M$6:$M$100,"N","")),0)),SUMPRODUCT((BCC_MA=$B51)*IFERROR(VALUE(SUBSTITUTE($N$6:$N$100,"N","")),0)),SUMPRODUCT((BCC_MA=$B51)*IFERROR(VALUE(SUBSTITUTE($O$6:$O$100,"N","")),0)),SUMPRODUCT((BCC_MA=$B51)*IFERROR(VALUE(SUBSTITUTE($P$6:$P$100,"N","")),0)),SUMPRODUCT((BCC_MA=$B51)*IFERROR(VALUE(SUBSTITUTE($Q$6:$Q$100,"N","")),0)),SUMPRODUCT((BCC_MA=$B51)*IFERROR(VALUE(SUBSTITUTE($R$6:$R$100,"N","")),0)),SUMPRODUCT((BCC_MA=$B51)*IFERROR(VALUE(SUBSTITUTE($S$6:$S$100,"N","")),0)),SUMPRODUCT((BCC_MA=$B51)*IFERROR(VALUE(SUBSTITUTE($T$6:$T$100,"N","")),0)),SUMPRODUCT((BCC_MA=$B51)*IFERROR(VALUE(SUBSTITUTE($U$6:$U$100,"N","")),0)),SUMPRODUCT((BCC_MA=$B51)*IFERROR(VALUE(SUBSTITUTE($V$6:$V$100,"N","")),0)),SUMPRODUCT((BCC_MA=$B51)*IFERROR(VALUE(SUBSTITUTE($W$6:$W$100,"N","")),0)),SUMPRODUCT((BCC_MA=$B51)*IFERROR(VALUE(SUBSTITUTE($X$6:$X$100,"N","")),0)),SUMPRODUCT((BCC_MA=$B51)*IFERROR(VALUE(SUBSTITUTE($Y$6:$Y$100,"N","")),0)),SUMPRODUCT((BCC_MA=$B51)*IFERROR(VALUE(SUBSTITUTE($Z$6:$Z$100,"N","")),0)),SUMPRODUCT((BCC_MA=$B51)*IFERROR(VALUE(SUBSTITUTE($AA$6:$AA$100,"N","")),0)),SUMPRODUCT((BCC_MA=$B51)*IFERROR(VALUE(SUBSTITUTE($AB$6:$AB$100,"N","")),0)),SUMPRODUCT((BCC_MA=$B51)*IFERROR(VALUE(SUBSTITUTE($AC$6:$AC$100,"N","")),0)),SUMPRODUCT((BCC_MA=$B51)*IFERROR(VALUE(SUBSTITUTE($AD$6:$AD$100,"N","")),0)),SUMPRODUCT((BCC_MA=$B51)*IFERROR(VALUE(SUBSTITUTE($AE$6:$AE$100,"N","")),0)),SUMPRODUCT((BCC_MA=$B51)*IFERROR(VALUE(SUBSTITUTE($AF$6:$AF$100,"N","")),0)),SUMPRODUCT((BCC_MA=$B51)*IFERROR(VALUE(SUBSTITUTE($AG$6:$AG$100,"N","")),0)),SUMPRODUCT((BCC_MA=$B51)*IFERROR(VALUE(SUBSTITUTE($AH$6:$AH$100,"N","")),0)),SUMPRODUCT((BCC_MA=$B51)*IFERROR(VALUE(SUBSTITUTE($AI$6:$AI$100,"N","")),0)),SUMPRODUCT((BCC_MA=$B51)*IFERROR(VALUE(SUBSTITUTE($AJ$6:$AJ$100,"N","")),0)),SUMPRODUCT((BCC_MA=$B51)*IFERROR(VALUE(SUBSTITUTE($AK$6:$AK$100,"N","")),0)))) -> 8
A52: 47 | B52: QT-21 | C52: =IF(B52="","",IFERROR(INDEX(NV_TEN,MATCH(B52,NV_MA,0)),"MÃ KHÔNG CÓ")) -> Hồ Xuân Đông | D52: Thời vụ HAQT | F52: =IF(D52="","",IFERROR(INDEX(NH_GIO,MATCH(D52,NH_TEN,0)),"NHÓM?")) -> 8 | H52: 8 | K52: 8 | O52: 8 | R52: 8 | T52: 8 | W52: 8 | AG52: 8 | AL52: =IF(B52="","",SUMPRODUCT(IFERROR(VALUE(SUBSTITUTE(G52:AK52,"N","")),0))) -> 56 | AM52: =IF(B52="","",AL52/F52) -> 7 | AN52: =IF(B52="","",SUMPRODUCT(ISNUMBER(SEARCH("N",G52:AK52))*IFERROR(VALUE(SUBSTITUTE(G52:AK52,"N","")),0))/F52) -> 0 | AR52: =IF(B52="",0,MAX(SUMPRODUCT((BCC_MA=$B52)*IFERROR(VALUE(SUBSTITUTE($G$6:$G$100,"N","")),0)),SUMPRODUCT((BCC_MA=$B52)*IFERROR(VALUE(SUBSTITUTE($H$6:$H$100,"N","")),0)),SUMPRODUCT((BCC_MA=$B52)*IFERROR(VALUE(SUBSTITUTE($I$6:$I$100,"N","")),0)),SUMPRODUCT((BCC_MA=$B52)*IFERROR(VALUE(SUBSTITUTE($J$6:$J$100,"N","")),0)),SUMPRODUCT((BCC_MA=$B52)*IFERROR(VALUE(SUBSTITUTE($K$6:$K$100,"N","")),0)),SUMPRODUCT((BCC_MA=$B52)*IFERROR(VALUE(SUBSTITUTE($L$6:$L$100,"N","")),0)),SUMPRODUCT((BCC_MA=$B52)*IFERROR(VALUE(SUBSTITUTE($M$6:$M$100,"N","")),0)),SUMPRODUCT((BCC_MA=$B52)*IFERROR(VALUE(SUBSTITUTE($N$6:$N$100,"N","")),0)),SUMPRODUCT((BCC_MA=$B52)*IFERROR(VALUE(SUBSTITUTE($O$6:$O$100,"N","")),0)),SUMPRODUCT((BCC_MA=$B52)*IFERROR(VALUE(SUBSTITUTE($P$6:$P$100,"N","")),0)),SUMPRODUCT((BCC_MA=$B52)*IFERROR(VALUE(SUBSTITUTE($Q$6:$Q$100,"N","")),0)),SUMPRODUCT((BCC_MA=$B52)*IFERROR(VALUE(SUBSTITUTE($R$6:$R$100,"N","")),0)),SUMPRODUCT((BCC_MA=$B52)*IFERROR(VALUE(SUBSTITUTE($S$6:$S$100,"N","")),0)),SUMPRODUCT((BCC_MA=$B52)*IFERROR(VALUE(SUBSTITUTE($T$6:$T$100,"N","")),0)),SUMPRODUCT((BCC_MA=$B52)*IFERROR(VALUE(SUBSTITUTE($U$6:$U$100,"N","")),0)),SUMPRODUCT((BCC_MA=$B52)*IFERROR(VALUE(SUBSTITUTE($V$6:$V$100,"N","")),0)),SUMPRODUCT((BCC_MA=$B52)*IFERROR(VALUE(SUBSTITUTE($W$6:$W$100,"N","")),0)),SUMPRODUCT((BCC_MA=$B52)*IFERROR(VALUE(SUBSTITUTE($X$6:$X$100,"N","")),0)),SUMPRODUCT((BCC_MA=$B52)*IFERROR(VALUE(SUBSTITUTE($Y$6:$Y$100,"N","")),0)),SUMPRODUCT((BCC_MA=$B52)*IFERROR(VALUE(SUBSTITUTE($Z$6:$Z$100,"N","")),0)),SUMPRODUCT((BCC_MA=$B52)*IFERROR(VALUE(SUBSTITUTE($AA$6:$AA$100,"N","")),0)),SUMPRODUCT((BCC_MA=$B52)*IFERROR(VALUE(SUBSTITUTE($AB$6:$AB$100,"N","")),0)),SUMPRODUCT((BCC_MA=$B52)*IFERROR(VALUE(SUBSTITUTE($AC$6:$AC$100,"N","")),0)),SUMPRODUCT((BCC_MA=$B52)*IFERROR(VALUE(SUBSTITUTE($AD$6:$AD$100,"N","")),0)),SUMPRODUCT((BCC_MA=$B52)*IFERROR(VALUE(SUBSTITUTE($AE$6:$AE$100,"N","")),0)),SUMPRODUCT((BCC_MA=$B52)*IFERROR(VALUE(SUBSTITUTE($AF$6:$AF$100,"N","")),0)),SUMPRODUCT((BCC_MA=$B52)*IFERROR(VALUE(SUBSTITUTE($AG$6:$AG$100,"N","")),0)),SUMPRODUCT((BCC_MA=$B52)*IFERROR(VALUE(SUBSTITUTE($AH$6:$AH$100,"N","")),0)),SUMPRODUCT((BCC_MA=$B52)*IFERROR(VALUE(SUBSTITUTE($AI$6:$AI$100,"N","")),0)),SUMPRODUCT((BCC_MA=$B52)*IFERROR(VALUE(SUBSTITUTE($AJ$6:$AJ$100,"N","")),0)),SUMPRODUCT((BCC_MA=$B52)*IFERROR(VALUE(SUBSTITUTE($AK$6:$AK$100,"N","")),0)))) -> 8
A53: 48 | B53: QT-22 | C53: =IF(B53="","",IFERROR(INDEX(NV_TEN,MATCH(B53,NV_MA,0)),"MÃ KHÔNG CÓ")) -> Nguyễn Chí Thành | D53: Thời vụ HAQT | F53: =IF(D53="","",IFERROR(INDEX(NH_GIO,MATCH(D53,NH_TEN,0)),"NHÓM?")) -> 8 | H53: 8 | K53: 8 | O53: 8 | R53: 8 | S53: 8 | T53: 8 | U53: 8 | V53: 8 | W53: 8 | AG53: 8 | AI53: 8 | AJ53: 8 | AL53: =IF(B53="","",SUMPRODUCT(IFERROR(VALUE(SUBSTITUTE(G53:AK53,"N","")),0))) -> 96 | AM53: =IF(B53="","",AL53/F53) -> 12 | AN53: =IF(B53="","",SUMPRODUCT(ISNUMBER(SEARCH("N",G53:AK53))*IFERROR(VALUE(SUBSTITUTE(G53:AK53,"N","")),0))/F53) -> 0 | AR53: =IF(B53="",0,MAX(SUMPRODUCT((BCC_MA=$B53)*IFERROR(VALUE(SUBSTITUTE($G$6:$G$100,"N","")),0)),SUMPRODUCT((BCC_MA=$B53)*IFERROR(VALUE(SUBSTITUTE($H$6:$H$100,"N","")),0)),SUMPRODUCT((BCC_MA=$B53)*IFERROR(VALUE(SUBSTITUTE($I$6:$I$100,"N","")),0)),SUMPRODUCT((BCC_MA=$B53)*IFERROR(VALUE(SUBSTITUTE($J$6:$J$100,"N","")),0)),SUMPRODUCT((BCC_MA=$B53)*IFERROR(VALUE(SUBSTITUTE($K$6:$K$100,"N","")),0)),SUMPRODUCT((BCC_MA=$B53)*IFERROR(VALUE(SUBSTITUTE($L$6:$L$100,"N","")),0)),SUMPRODUCT((BCC_MA=$B53)*IFERROR(VALUE(SUBSTITUTE($M$6:$M$100,"N","")),0)),SUMPRODUCT((BCC_MA=$B53)*IFERROR(VALUE(SUBSTITUTE($N$6:$N$100,"N","")),0)),SUMPRODUCT((BCC_MA=$B53)*IFERROR(VALUE(SUBSTITUTE($O$6:$O$100,"N","")),0)),SUMPRODUCT((BCC_MA=$B53)*IFERROR(VALUE(SUBSTITUTE($P$6:$P$100,"N","")),0)),SUMPRODUCT((BCC_MA=$B53)*IFERROR(VALUE(SUBSTITUTE($Q$6:$Q$100,"N","")),0)),SUMPRODUCT((BCC_MA=$B53)*IFERROR(VALUE(SUBSTITUTE($R$6:$R$100,"N","")),0)),SUMPRODUCT((BCC_MA=$B53)*IFERROR(VALUE(SUBSTITUTE($S$6:$S$100,"N","")),0)),SUMPRODUCT((BCC_MA=$B53)*IFERROR(VALUE(SUBSTITUTE($T$6:$T$100,"N","")),0)),SUMPRODUCT((BCC_MA=$B53)*IFERROR(VALUE(SUBSTITUTE($U$6:$U$100,"N","")),0)),SUMPRODUCT((BCC_MA=$B53)*IFERROR(VALUE(SUBSTITUTE($V$6:$V$100,"N","")),0)),SUMPRODUCT((BCC_MA=$B53)*IFERROR(VALUE(SUBSTITUTE($W$6:$W$100,"N","")),0)),SUMPRODUCT((BCC_MA=$B53)*IFERROR(VALUE(SUBSTITUTE($X$6:$X$100,"N","")),0)),SUMPRODUCT((BCC_MA=$B53)*IFERROR(VALUE(SUBSTITUTE($Y$6:$Y$100,"N","")),0)),SUMPRODUCT((BCC_MA=$B53)*IFERROR(VALUE(SUBSTITUTE($Z$6:$Z$100,"N","")),0)),SUMPRODUCT((BCC_MA=$B53)*IFERROR(VALUE(SUBSTITUTE($AA$6:$AA$100,"N","")),0)),SUMPRODUCT((BCC_MA=$B53)*IFERROR(VALUE(SUBSTITUTE($AB$6:$AB$100,"N","")),0)),SUMPRODUCT((BCC_MA=$B53)*IFERROR(VALUE(SUBSTITUTE($AC$6:$AC$100,"N","")),0)),SUMPRODUCT((BCC_MA=$B53)*IFERROR(VALUE(SUBSTITUTE($AD$6:$AD$100,"N","")),0)),SUMPRODUCT((BCC_MA=$B53)*IFERROR(VALUE(SUBSTITUTE($AE$6:$AE$100,"N","")),0)),SUMPRODUCT((BCC_MA=$B53)*IFERROR(VALUE(SUBSTITUTE($AF$6:$AF$100,"N","")),0)),SUMPRODUCT((BCC_MA=$B53)*IFERROR(VALUE(SUBSTITUTE($AG$6:$AG$100,"N","")),0)),SUMPRODUCT((BCC_MA=$B53)*IFERROR(VALUE(SUBSTITUTE($AH$6:$AH$100,"N","")),0)),SUMPRODUCT((BCC_MA=$B53)*IFERROR(VALUE(SUBSTITUTE($AI$6:$AI$100,"N","")),0)),SUMPRODUCT((BCC_MA=$B53)*IFERROR(VALUE(SUBSTITUTE($AJ$6:$AJ$100,"N","")),0)),SUMPRODUCT((BCC_MA=$B53)*IFERROR(VALUE(SUBSTITUTE($AK$6:$AK$100,"N","")),0)))) -> 8
A54: 49 | B54: QT-23 | C54: =IF(B54="","",IFERROR(INDEX(NV_TEN,MATCH(B54,NV_MA,0)),"MÃ KHÔNG CÓ")) -> Nguyễn Thị Vân | D54: Thời vụ HAQT | F54: =IF(D54="","",IFERROR(INDEX(NH_GIO,MATCH(D54,NH_TEN,0)),"NHÓM?")) -> 8 | H54: 8 | K54: 8 | O54: 8 | R54: 8 | T54: 8 | W54: 8 | AG54: 8 | AL54: =IF(B54="","",SUMPRODUCT(IFERROR(VALUE(SUBSTITUTE(G54:AK54,"N","")),0))) -> 56 | AM54: =IF(B54="","",AL54/F54) -> 7 | AN54: =IF(B54="","",SUMPRODUCT(ISNUMBER(SEARCH("N",G54:AK54))*IFERROR(VALUE(SUBSTITUTE(G54:AK54,"N","")),0))/F54) -> 0 | AR54: =IF(B54="",0,MAX(SUMPRODUCT((BCC_MA=$B54)*IFERROR(VALUE(SUBSTITUTE($G$6:$G$100,"N","")),0)),SUMPRODUCT((BCC_MA=$B54)*IFERROR(VALUE(SUBSTITUTE($H$6:$H$100,"N","")),0)),SUMPRODUCT((BCC_MA=$B54)*IFERROR(VALUE(SUBSTITUTE($I$6:$I$100,"N","")),0)),SUMPRODUCT((BCC_MA=$B54)*IFERROR(VALUE(SUBSTITUTE($J$6:$J$100,"N","")),0)),SUMPRODUCT((BCC_MA=$B54)*IFERROR(VALUE(SUBSTITUTE($K$6:$K$100,"N","")),0)),SUMPRODUCT((BCC_MA=$B54)*IFERROR(VALUE(SUBSTITUTE($L$6:$L$100,"N","")),0)),SUMPRODUCT((BCC_MA=$B54)*IFERROR(VALUE(SUBSTITUTE($M$6:$M$100,"N","")),0)),SUMPRODUCT((BCC_MA=$B54)*IFERROR(VALUE(SUBSTITUTE($N$6:$N$100,"N","")),0)),SUMPRODUCT((BCC_MA=$B54)*IFERROR(VALUE(SUBSTITUTE($O$6:$O$100,"N","")),0)),SUMPRODUCT((BCC_MA=$B54)*IFERROR(VALUE(SUBSTITUTE($P$6:$P$100,"N","")),0)),SUMPRODUCT((BCC_MA=$B54)*IFERROR(VALUE(SUBSTITUTE($Q$6:$Q$100,"N","")),0)),SUMPRODUCT((BCC_MA=$B54)*IFERROR(VALUE(SUBSTITUTE($R$6:$R$100,"N","")),0)),SUMPRODUCT((BCC_MA=$B54)*IFERROR(VALUE(SUBSTITUTE($S$6:$S$100,"N","")),0)),SUMPRODUCT((BCC_MA=$B54)*IFERROR(VALUE(SUBSTITUTE($T$6:$T$100,"N","")),0)),SUMPRODUCT((BCC_MA=$B54)*IFERROR(VALUE(SUBSTITUTE($U$6:$U$100,"N","")),0)),SUMPRODUCT((BCC_MA=$B54)*IFERROR(VALUE(SUBSTITUTE($V$6:$V$100,"N","")),0)),SUMPRODUCT((BCC_MA=$B54)*IFERROR(VALUE(SUBSTITUTE($W$6:$W$100,"N","")),0)),SUMPRODUCT((BCC_MA=$B54)*IFERROR(VALUE(SUBSTITUTE($X$6:$X$100,"N","")),0)),SUMPRODUCT((BCC_MA=$B54)*IFERROR(VALUE(SUBSTITUTE($Y$6:$Y$100,"N","")),0)),SUMPRODUCT((BCC_MA=$B54)*IFERROR(VALUE(SUBSTITUTE($Z$6:$Z$100,"N","")),0)),SUMPRODUCT((BCC_MA=$B54)*IFERROR(VALUE(SUBSTITUTE($AA$6:$AA$100,"N","")),0)),SUMPRODUCT((BCC_MA=$B54)*IFERROR(VALUE(SUBSTITUTE($AB$6:$AB$100,"N","")),0)),SUMPRODUCT((BCC_MA=$B54)*IFERROR(VALUE(SUBSTITUTE($AC$6:$AC$100,"N","")),0)),SUMPRODUCT((BCC_MA=$B54)*IFERROR(VALUE(SUBSTITUTE($AD$6:$AD$100,"N","")),0)),SUMPRODUCT((BCC_MA=$B54)*IFERROR(VALUE(SUBSTITUTE($AE$6:$AE$100,"N","")),0)),SUMPRODUCT((BCC_MA=$B54)*IFERROR(VALUE(SUBSTITUTE($AF$6:$AF$100,"N","")),0)),SUMPRODUCT((BCC_MA=$B54)*IFERROR(VALUE(SUBSTITUTE($AG$6:$AG$100,"N","")),0)),SUMPRODUCT((BCC_MA=$B54)*IFERROR(VALUE(SUBSTITUTE($AH$6:$AH$100,"N","")),0)),SUMPRODUCT((BCC_MA=$B54)*IFERROR(VALUE(SUBSTITUTE($AI$6:$AI$100,"N","")),0)),SUMPRODUCT((BCC_MA=$B54)*IFERROR(VALUE(SUBSTITUTE($AJ$6:$AJ$100,"N","")),0)),SUMPRODUCT((BCC_MA=$B54)*IFERROR(VALUE(SUBSTITUTE($AK$6:$AK$100,"N","")),0)))) -> 8
A55: 50 | B55: QT-24 | C55: =IF(B55="","",IFERROR(INDEX(NV_TEN,MATCH(B55,NV_MA,0)),"MÃ KHÔNG CÓ")) -> Đào Thị Lương | D55: Thời vụ HAQT | F55: =IF(D55="","",IFERROR(INDEX(NH_GIO,MATCH(D55,NH_TEN,0)),"NHÓM?")) -> 8 | H55: 8 | K55: 8 | O55: 8 | AB55: 8 | AL55: =IF(B55="","",SUMPRODUCT(IFERROR(VALUE(SUBSTITUTE(G55:AK55,"N","")),0))) -> 32 | AM55: =IF(B55="","",AL55/F55) -> 4 | AN55: =IF(B55="","",SUMPRODUCT(ISNUMBER(SEARCH("N",G55:AK55))*IFERROR(VALUE(SUBSTITUTE(G55:AK55,"N","")),0))/F55) -> 0 | AR55: =IF(B55="",0,MAX(SUMPRODUCT((BCC_MA=$B55)*IFERROR(VALUE(SUBSTITUTE($G$6:$G$100,"N","")),0)),SUMPRODUCT((BCC_MA=$B55)*IFERROR(VALUE(SUBSTITUTE($H$6:$H$100,"N","")),0)),SUMPRODUCT((BCC_MA=$B55)*IFERROR(VALUE(SUBSTITUTE($I$6:$I$100,"N","")),0)),SUMPRODUCT((BCC_MA=$B55)*IFERROR(VALUE(SUBSTITUTE($J$6:$J$100,"N","")),0)),SUMPRODUCT((BCC_MA=$B55)*IFERROR(VALUE(SUBSTITUTE($K$6:$K$100,"N","")),0)),SUMPRODUCT((BCC_MA=$B55)*IFERROR(VALUE(SUBSTITUTE($L$6:$L$100,"N","")),0)),SUMPRODUCT((BCC_MA=$B55)*IFERROR(VALUE(SUBSTITUTE($M$6:$M$100,"N","")),0)),SUMPRODUCT((BCC_MA=$B55)*IFERROR(VALUE(SUBSTITUTE($N$6:$N$100,"N","")),0)),SUMPRODUCT((BCC_MA=$B55)*IFERROR(VALUE(SUBSTITUTE($O$6:$O$100,"N","")),0)),SUMPRODUCT((BCC_MA=$B55)*IFERROR(VALUE(SUBSTITUTE($P$6:$P$100,"N","")),0)),SUMPRODUCT((BCC_MA=$B55)*IFERROR(VALUE(SUBSTITUTE($Q$6:$Q$100,"N","")),0)),SUMPRODUCT((BCC_MA=$B55)*IFERROR(VALUE(SUBSTITUTE($R$6:$R$100,"N","")),0)),SUMPRODUCT((BCC_MA=$B55)*IFERROR(VALUE(SUBSTITUTE($S$6:$S$100,"N","")),0)),SUMPRODUCT((BCC_MA=$B55)*IFERROR(VALUE(SUBSTITUTE($T$6:$T$100,"N","")),0)),SUMPRODUCT((BCC_MA=$B55)*IFERROR(VALUE(SUBSTITUTE($U$6:$U$100,"N","")),0)),SUMPRODUCT((BCC_MA=$B55)*IFERROR(VALUE(SUBSTITUTE($V$6:$V$100,"N","")),0)),SUMPRODUCT((BCC_MA=$B55)*IFERROR(VALUE(SUBSTITUTE($W$6:$W$100,"N","")),0)),SUMPRODUCT((BCC_MA=$B55)*IFERROR(VALUE(SUBSTITUTE($X$6:$X$100,"N","")),0)),SUMPRODUCT((BCC_MA=$B55)*IFERROR(VALUE(SUBSTITUTE($Y$6:$Y$100,"N","")),0)),SUMPRODUCT((BCC_MA=$B55)*IFERROR(VALUE(SUBSTITUTE($Z$6:$Z$100,"N","")),0)),SUMPRODUCT((BCC_MA=$B55)*IFERROR(VALUE(SUBSTITUTE($AA$6:$AA$100,"N","")),0)),SUMPRODUCT((BCC_MA=$B55)*IFERROR(VALUE(SUBSTITUTE($AB$6:$AB$100,"N","")),0)),SUMPRODUCT((BCC_MA=$B55)*IFERROR(VALUE(SUBSTITUTE($AC$6:$AC$100,"N","")),0)),SUMPRODUCT((BCC_MA=$B55)*IFERROR(VALUE(SUBSTITUTE($AD$6:$AD$100,"N","")),0)),SUMPRODUCT((BCC_MA=$B55)*IFERROR(VALUE(SUBSTITUTE($AE$6:$AE$100,"N","")),0)),SUMPRODUCT((BCC_MA=$B55)*IFERROR(VALUE(SUBSTITUTE($AF$6:$AF$100,"N","")),0)),SUMPRODUCT((BCC_MA=$B55)*IFERROR(VALUE(SUBSTITUTE($AG$6:$AG$100,"N","")),0)),SUMPRODUCT((BCC_MA=$B55)*IFERROR(VALUE(SUBSTITUTE($AH$6:$AH$100,"N","")),0)),SUMPRODUCT((BCC_MA=$B55)*IFERROR(VALUE(SUBSTITUTE($AI$6:$AI$100,"N","")),0)),SUMPRODUCT((BCC_MA=$B55)*IFERROR(VALUE(SUBSTITUTE($AJ$6:$AJ$100,"N","")),0)),SUMPRODUCT((BCC_MA=$B55)*IFERROR(VALUE(SUBSTITUTE($AK$6:$AK$100,"N","")),0)))) -> 8
A56: 51 | B56: QT-25 | C56: =IF(B56="","",IFERROR(INDEX(NV_TEN,MATCH(B56,NV_MA,0)),"MÃ KHÔNG CÓ")) -> Trần Thị Anh | D56: Thời vụ HAQT | F56: =IF(D56="","",IFERROR(INDEX(NH_GIO,MATCH(D56,NH_TEN,0)),"NHÓM?")) -> 8 | K56: 8 | O56: 8 | W56: 8 | AG56: 8 | AL56: =IF(B56="","",SUMPRODUCT(IFERROR(VALUE(SUBSTITUTE(G56:AK56,"N","")),0))) -> 32 | AM56: =IF(B56="","",AL56/F56) -> 4 | AN56: =IF(B56="","",SUMPRODUCT(ISNUMBER(SEARCH("N",G56:AK56))*IFERROR(VALUE(SUBSTITUTE(G56:AK56,"N","")),0))/F56) -> 0 | AR56: =IF(B56="",0,MAX(SUMPRODUCT((BCC_MA=$B56)*IFERROR(VALUE(SUBSTITUTE($G$6:$G$100,"N","")),0)),SUMPRODUCT((BCC_MA=$B56)*IFERROR(VALUE(SUBSTITUTE($H$6:$H$100,"N","")),0)),SUMPRODUCT((BCC_MA=$B56)*IFERROR(VALUE(SUBSTITUTE($I$6:$I$100,"N","")),0)),SUMPRODUCT((BCC_MA=$B56)*IFERROR(VALUE(SUBSTITUTE($J$6:$J$100,"N","")),0)),SUMPRODUCT((BCC_MA=$B56)*IFERROR(VALUE(SUBSTITUTE($K$6:$K$100,"N","")),0)),SUMPRODUCT((BCC_MA=$B56)*IFERROR(VALUE(SUBSTITUTE($L$6:$L$100,"N","")),0)),SUMPRODUCT((BCC_MA=$B56)*IFERROR(VALUE(SUBSTITUTE($M$6:$M$100,"N","")),0)),SUMPRODUCT((BCC_MA=$B56)*IFERROR(VALUE(SUBSTITUTE($N$6:$N$100,"N","")),0)),SUMPRODUCT((BCC_MA=$B56)*IFERROR(VALUE(SUBSTITUTE($O$6:$O$100,"N","")),0)),SUMPRODUCT((BCC_MA=$B56)*IFERROR(VALUE(SUBSTITUTE($P$6:$P$100,"N","")),0)),SUMPRODUCT((BCC_MA=$B56)*IFERROR(VALUE(SUBSTITUTE($Q$6:$Q$100,"N","")),0)),SUMPRODUCT((BCC_MA=$B56)*IFERROR(VALUE(SUBSTITUTE($R$6:$R$100,"N","")),0)),SUMPRODUCT((BCC_MA=$B56)*IFERROR(VALUE(SUBSTITUTE($S$6:$S$100,"N","")),0)),SUMPRODUCT((BCC_MA=$B56)*IFERROR(VALUE(SUBSTITUTE($T$6:$T$100,"N","")),0)),SUMPRODUCT((BCC_MA=$B56)*IFERROR(VALUE(SUBSTITUTE($U$6:$U$100,"N","")),0)),SUMPRODUCT((BCC_MA=$B56)*IFERROR(VALUE(SUBSTITUTE($V$6:$V$100,"N","")),0)),SUMPRODUCT((BCC_MA=$B56)*IFERROR(VALUE(SUBSTITUTE($W$6:$W$100,"N","")),0)),SUMPRODUCT((BCC_MA=$B56)*IFERROR(VALUE(SUBSTITUTE($X$6:$X$100,"N","")),0)),SUMPRODUCT((BCC_MA=$B56)*IFERROR(VALUE(SUBSTITUTE($Y$6:$Y$100,"N","")),0)),SUMPRODUCT((BCC_MA=$B56)*IFERROR(VALUE(SUBSTITUTE($Z$6:$Z$100,"N","")),0)),SUMPRODUCT((BCC_MA=$B56)*IFERROR(VALUE(SUBSTITUTE($AA$6:$AA$100,"N","")),0)),SUMPRODUCT((BCC_MA=$B56)*IFERROR(VALUE(SUBSTITUTE($AB$6:$AB$100,"N","")),0)),SUMPRODUCT((BCC_MA=$B56)*IFERROR(VALUE(SUBSTITUTE($AC$6:$AC$100,"N","")),0)),SUMPRODUCT((BCC_MA=$B56)*IFERROR(VALUE(SUBSTITUTE($AD$6:$AD$100,"N","")),0)),SUMPRODUCT((BCC_MA=$B56)*IFERROR(VALUE(SUBSTITUTE($AE$6:$AE$100,"N","")),0)),SUMPRODUCT((BCC_MA=$B56)*IFERROR(VALUE(SUBSTITUTE($AF$6:$AF$100,"N","")),0)),SUMPRODUCT((BCC_MA=$B56)*IFERROR(VALUE(SUBSTITUTE($AG$6:$AG$100,"N","")),0)),SUMPRODUCT((BCC_MA=$B56)*IFERROR(VALUE(SUBSTITUTE($AH$6:$AH$100,"N","")),0)),SUMPRODUCT((BCC_MA=$B56)*IFERROR(VALUE(SUBSTITUTE($AI$6:$AI$100,"N","")),0)),SUMPRODUCT((BCC_MA=$B56)*IFERROR(VALUE(SUBSTITUTE($AJ$6:$AJ$100,"N","")),0)),SUMPRODUCT((BCC_MA=$B56)*IFERROR(VALUE(SUBSTITUTE($AK$6:$AK$100,"N","")),0)))) -> 8
A57: 52 | B57: QT-26 | C57: =IF(B57="","",IFERROR(INDEX(NV_TEN,MATCH(B57,NV_MA,0)),"MÃ KHÔNG CÓ")) -> Nguyễn Thị Kim Duyên | D57: Thời vụ HAQT | F57: =IF(D57="","",IFERROR(INDEX(NH_GIO,MATCH(D57,NH_TEN,0)),"NHÓM?")) -> 8 | H57: 8 | K57: 8 | O57: 8 | R57: 8 | T57: 8 | W57: 8 | AG57: 8 | AL57: =IF(B57="","",SUMPRODUCT(IFERROR(VALUE(SUBSTITUTE(G57:AK57,"N","")),0))) -> 56 | AM57: =IF(B57="","",AL57/F57) -> 7 | AN57: =IF(B57="","",SUMPRODUCT(ISNUMBER(SEARCH("N",G57:AK57))*IFERROR(VALUE(SUBSTITUTE(G57:AK57,"N","")),0))/F57) -> 0 | AR57: =IF(B57="",0,MAX(SUMPRODUCT((BCC_MA=$B57)*IFERROR(VALUE(SUBSTITUTE($G$6:$G$100,"N","")),0)),SUMPRODUCT((BCC_MA=$B57)*IFERROR(VALUE(SUBSTITUTE($H$6:$H$100,"N","")),0)),SUMPRODUCT((BCC_MA=$B57)*IFERROR(VALUE(SUBSTITUTE($I$6:$I$100,"N","")),0)),SUMPRODUCT((BCC_MA=$B57)*IFERROR(VALUE(SUBSTITUTE($J$6:$J$100,"N","")),0)),SUMPRODUCT((BCC_MA=$B57)*IFERROR(VALUE(SUBSTITUTE($K$6:$K$100,"N","")),0)),SUMPRODUCT((BCC_MA=$B57)*IFERROR(VALUE(SUBSTITUTE($L$6:$L$100,"N","")),0)),SUMPRODUCT((BCC_MA=$B57)*IFERROR(VALUE(SUBSTITUTE($M$6:$M$100,"N","")),0)),SUMPRODUCT((BCC_MA=$B57)*IFERROR(VALUE(SUBSTITUTE($N$6:$N$100,"N","")),0)),SUMPRODUCT((BCC_MA=$B57)*IFERROR(VALUE(SUBSTITUTE($O$6:$O$100,"N","")),0)),SUMPRODUCT((BCC_MA=$B57)*IFERROR(VALUE(SUBSTITUTE($P$6:$P$100,"N","")),0)),SUMPRODUCT((BCC_MA=$B57)*IFERROR(VALUE(SUBSTITUTE($Q$6:$Q$100,"N","")),0)),SUMPRODUCT((BCC_MA=$B57)*IFERROR(VALUE(SUBSTITUTE($R$6:$R$100,"N","")),0)),SUMPRODUCT((BCC_MA=$B57)*IFERROR(VALUE(SUBSTITUTE($S$6:$S$100,"N","")),0)),SUMPRODUCT((BCC_MA=$B57)*IFERROR(VALUE(SUBSTITUTE($T$6:$T$100,"N","")),0)),SUMPRODUCT((BCC_MA=$B57)*IFERROR(VALUE(SUBSTITUTE($U$6:$U$100,"N","")),0)),SUMPRODUCT((BCC_MA=$B57)*IFERROR(VALUE(SUBSTITUTE($V$6:$V$100,"N","")),0)),SUMPRODUCT((BCC_MA=$B57)*IFERROR(VALUE(SUBSTITUTE($W$6:$W$100,"N","")),0)),SUMPRODUCT((BCC_MA=$B57)*IFERROR(VALUE(SUBSTITUTE($X$6:$X$100,"N","")),0)),SUMPRODUCT((BCC_MA=$B57)*IFERROR(VALUE(SUBSTITUTE($Y$6:$Y$100,"N","")),0)),SUMPRODUCT((BCC_MA=$B57)*IFERROR(VALUE(SUBSTITUTE($Z$6:$Z$100,"N","")),0)),SUMPRODUCT((BCC_MA=$B57)*IFERROR(VALUE(SUBSTITUTE($AA$6:$AA$100,"N","")),0)),SUMPRODUCT((BCC_MA=$B57)*IFERROR(VALUE(SUBSTITUTE($AB$6:$AB$100,"N","")),0)),SUMPRODUCT((BCC_MA=$B57)*IFERROR(VALUE(SUBSTITUTE($AC$6:$AC$100,"N","")),0)),SUMPRODUCT((BCC_MA=$B57)*IFERROR(VALUE(SUBSTITUTE($AD$6:$AD$100,"N","")),0)),SUMPRODUCT((BCC_MA=$B57)*IFERROR(VALUE(SUBSTITUTE($AE$6:$AE$100,"N","")),0)),SUMPRODUCT((BCC_MA=$B57)*IFERROR(VALUE(SUBSTITUTE($AF$6:$AF$100,"N","")),0)),SUMPRODUCT((BCC_MA=$B57)*IFERROR(VALUE(SUBSTITUTE($AG$6:$AG$100,"N","")),0)),SUMPRODUCT((BCC_MA=$B57)*IFERROR(VALUE(SUBSTITUTE($AH$6:$AH$100,"N","")),0)),SUMPRODUCT((BCC_MA=$B57)*IFERROR(VALUE(SUBSTITUTE($AI$6:$AI$100,"N","")),0)),SUMPRODUCT((BCC_MA=$B57)*IFERROR(VALUE(SUBSTITUTE($AJ$6:$AJ$100,"N","")),0)),SUMPRODUCT((BCC_MA=$B57)*IFERROR(VALUE(SUBSTITUTE($AK$6:$AK$100,"N","")),0)))) -> 8
A58: 53 | B58: QT-27 | C58: =IF(B58="","",IFERROR(INDEX(NV_TEN,MATCH(B58,NV_MA,0)),"MÃ KHÔNG CÓ")) -> Trần Thị Gái | D58: Thời vụ HAQT | F58: =IF(D58="","",IFERROR(INDEX(NH_GIO,MATCH(D58,NH_TEN,0)),"NHÓM?")) -> 8 | H58: 8 | K58: 8 | O58: 8 | W58: 8 | AG58: 8 | AL58: =IF(B58="","",SUMPRODUCT(IFERROR(VALUE(SUBSTITUTE(G58:AK58,"N","")),0))) -> 40 | AM58: =IF(B58="","",AL58/F58) -> 5 | AN58: =IF(B58="","",SUMPRODUCT(ISNUMBER(SEARCH("N",G58:AK58))*IFERROR(VALUE(SUBSTITUTE(G58:AK58,"N","")),0))/F58) -> 0 | AR58: =IF(B58="",0,MAX(SUMPRODUCT((BCC_MA=$B58)*IFERROR(VALUE(SUBSTITUTE($G$6:$G$100,"N","")),0)),SUMPRODUCT((BCC_MA=$B58)*IFERROR(VALUE(SUBSTITUTE($H$6:$H$100,"N","")),0)),SUMPRODUCT((BCC_MA=$B58)*IFERROR(VALUE(SUBSTITUTE($I$6:$I$100,"N","")),0)),SUMPRODUCT((BCC_MA=$B58)*IFERROR(VALUE(SUBSTITUTE($J$6:$J$100,"N","")),0)),SUMPRODUCT((BCC_MA=$B58)*IFERROR(VALUE(SUBSTITUTE($K$6:$K$100,"N","")),0)),SUMPRODUCT((BCC_MA=$B58)*IFERROR(VALUE(SUBSTITUTE($L$6:$L$100,"N","")),0)),SUMPRODUCT((BCC_MA=$B58)*IFERROR(VALUE(SUBSTITUTE($M$6:$M$100,"N","")),0)),SUMPRODUCT((BCC_MA=$B58)*IFERROR(VALUE(SUBSTITUTE($N$6:$N$100,"N","")),0)),SUMPRODUCT((BCC_MA=$B58)*IFERROR(VALUE(SUBSTITUTE($O$6:$O$100,"N","")),0)),SUMPRODUCT((BCC_MA=$B58)*IFERROR(VALUE(SUBSTITUTE($P$6:$P$100,"N","")),0)),SUMPRODUCT((BCC_MA=$B58)*IFERROR(VALUE(SUBSTITUTE($Q$6:$Q$100,"N","")),0)),SUMPRODUCT((BCC_MA=$B58)*IFERROR(VALUE(SUBSTITUTE($R$6:$R$100,"N","")),0)),SUMPRODUCT((BCC_MA=$B58)*IFERROR(VALUE(SUBSTITUTE($S$6:$S$100,"N","")),0)),SUMPRODUCT((BCC_MA=$B58)*IFERROR(VALUE(SUBSTITUTE($T$6:$T$100,"N","")),0)),SUMPRODUCT((BCC_MA=$B58)*IFERROR(VALUE(SUBSTITUTE($U$6:$U$100,"N","")),0)),SUMPRODUCT((BCC_MA=$B58)*IFERROR(VALUE(SUBSTITUTE($V$6:$V$100,"N","")),0)),SUMPRODUCT((BCC_MA=$B58)*IFERROR(VALUE(SUBSTITUTE($W$6:$W$100,"N","")),0)),SUMPRODUCT((BCC_MA=$B58)*IFERROR(VALUE(SUBSTITUTE($X$6:$X$100,"N","")),0)),SUMPRODUCT((BCC_MA=$B58)*IFERROR(VALUE(SUBSTITUTE($Y$6:$Y$100,"N","")),0)),SUMPRODUCT((BCC_MA=$B58)*IFERROR(VALUE(SUBSTITUTE($Z$6:$Z$100,"N","")),0)),SUMPRODUCT((BCC_MA=$B58)*IFERROR(VALUE(SUBSTITUTE($AA$6:$AA$100,"N","")),0)),SUMPRODUCT((BCC_MA=$B58)*IFERROR(VALUE(SUBSTITUTE($AB$6:$AB$100,"N","")),0)),SUMPRODUCT((BCC_MA=$B58)*IFERROR(VALUE(SUBSTITUTE($AC$6:$AC$100,"N","")),0)),SUMPRODUCT((BCC_MA=$B58)*IFERROR(VALUE(SUBSTITUTE($AD$6:$AD$100,"N","")),0)),SUMPRODUCT((BCC_MA=$B58)*IFERROR(VALUE(SUBSTITUTE($AE$6:$AE$100,"N","")),0)),SUMPRODUCT((BCC_MA=$B58)*IFERROR(VALUE(SUBSTITUTE($AF$6:$AF$100,"N","")),0)),SUMPRODUCT((BCC_MA=$B58)*IFERROR(VALUE(SUBSTITUTE($AG$6:$AG$100,"N","")),0)),SUMPRODUCT((BCC_MA=$B58)*IFERROR(VALUE(SUBSTITUTE($AH$6:$AH$100,"N","")),0)),SUMPRODUCT((BCC_MA=$B58)*IFERROR(VALUE(SUBSTITUTE($AI$6:$AI$100,"N","")),0)),SUMPRODUCT((BCC_MA=$B58)*IFERROR(VALUE(SUBSTITUTE($AJ$6:$AJ$100,"N","")),0)),SUMPRODUCT((BCC_MA=$B58)*IFERROR(VALUE(SUBSTITUTE($AK$6:$AK$100,"N","")),0)))) -> 8
A59: 54 | B59: QT-28 | C59: =IF(B59="","",IFERROR(INDEX(NV_TEN,MATCH(B59,NV_MA,0)),"MÃ KHÔNG CÓ")) -> Phạm Thị Thu | D59: Thời vụ HAQT | F59: =IF(D59="","",IFERROR(INDEX(NH_GIO,MATCH(D59,NH_TEN,0)),"NHÓM?")) -> 8 | H59: 8 | K59: 8 | AL59: =IF(B59="","",SUMPRODUCT(IFERROR(VALUE(SUBSTITUTE(G59:AK59,"N","")),0))) -> 16 | AM59: =IF(B59="","",AL59/F59) -> 2 | AN59: =IF(B59="","",SUMPRODUCT(ISNUMBER(SEARCH("N",G59:AK59))*IFERROR(VALUE(SUBSTITUTE(G59:AK59,"N","")),0))/F59) -> 0 | AR59: =IF(B59="",0,MAX(SUMPRODUCT((BCC_MA=$B59)*IFERROR(VALUE(SUBSTITUTE($G$6:$G$100,"N","")),0)),SUMPRODUCT((BCC_MA=$B59)*IFERROR(VALUE(SUBSTITUTE($H$6:$H$100,"N","")),0)),SUMPRODUCT((BCC_MA=$B59)*IFERROR(VALUE(SUBSTITUTE($I$6:$I$100,"N","")),0)),SUMPRODUCT((BCC_MA=$B59)*IFERROR(VALUE(SUBSTITUTE($J$6:$J$100,"N","")),0)),SUMPRODUCT((BCC_MA=$B59)*IFERROR(VALUE(SUBSTITUTE($K$6:$K$100,"N","")),0)),SUMPRODUCT((BCC_MA=$B59)*IFERROR(VALUE(SUBSTITUTE($L$6:$L$100,"N","")),0)),SUMPRODUCT((BCC_MA=$B59)*IFERROR(VALUE(SUBSTITUTE($M$6:$M$100,"N","")),0)),SUMPRODUCT((BCC_MA=$B59)*IFERROR(VALUE(SUBSTITUTE($N$6:$N$100,"N","")),0)),SUMPRODUCT((BCC_MA=$B59)*IFERROR(VALUE(SUBSTITUTE($O$6:$O$100,"N","")),0)),SUMPRODUCT((BCC_MA=$B59)*IFERROR(VALUE(SUBSTITUTE($P$6:$P$100,"N","")),0)),SUMPRODUCT((BCC_MA=$B59)*IFERROR(VALUE(SUBSTITUTE($Q$6:$Q$100,"N","")),0)),SUMPRODUCT((BCC_MA=$B59)*IFERROR(VALUE(SUBSTITUTE($R$6:$R$100,"N","")),0)),SUMPRODUCT((BCC_MA=$B59)*IFERROR(VALUE(SUBSTITUTE($S$6:$S$100,"N","")),0)),SUMPRODUCT((BCC_MA=$B59)*IFERROR(VALUE(SUBSTITUTE($T$6:$T$100,"N","")),0)),SUMPRODUCT((BCC_MA=$B59)*IFERROR(VALUE(SUBSTITUTE($U$6:$U$100,"N","")),0)),SUMPRODUCT((BCC_MA=$B59)*IFERROR(VALUE(SUBSTITUTE($V$6:$V$100,"N","")),0)),SUMPRODUCT((BCC_MA=$B59)*IFERROR(VALUE(SUBSTITUTE($W$6:$W$100,"N","")),0)),SUMPRODUCT((BCC_MA=$B59)*IFERROR(VALUE(SUBSTITUTE($X$6:$X$100,"N","")),0)),SUMPRODUCT((BCC_MA=$B59)*IFERROR(VALUE(SUBSTITUTE($Y$6:$Y$100,"N","")),0)),SUMPRODUCT((BCC_MA=$B59)*IFERROR(VALUE(SUBSTITUTE($Z$6:$Z$100,"N","")),0)),SUMPRODUCT((BCC_MA=$B59)*IFERROR(VALUE(SUBSTITUTE($AA$6:$AA$100,"N","")),0)),SUMPRODUCT((BCC_MA=$B59)*IFERROR(VALUE(SUBSTITUTE($AB$6:$AB$100,"N","")),0)),SUMPRODUCT((BCC_MA=$B59)*IFERROR(VALUE(SUBSTITUTE($AC$6:$AC$100,"N","")),0)),SUMPRODUCT((BCC_MA=$B59)*IFERROR(VALUE(SUBSTITUTE($AD$6:$AD$100,"N","")),0)),SUMPRODUCT((BCC_MA=$B59)*IFERROR(VALUE(SUBSTITUTE($AE$6:$AE$100,"N","")),0)),SUMPRODUCT((BCC_MA=$B59)*IFERROR(VALUE(SUBSTITUTE($AF$6:$AF$100,"N","")),0)),SUMPRODUCT((BCC_MA=$B59)*IFERROR(VALUE(SUBSTITUTE($AG$6:$AG$100,"N","")),0)),SUMPRODUCT((BCC_MA=$B59)*IFERROR(VALUE(SUBSTITUTE($AH$6:$AH$100,"N","")),0)),SUMPRODUCT((BCC_MA=$B59)*IFERROR(VALUE(SUBSTITUTE($AI$6:$AI$100,"N","")),0)),SUMPRODUCT((BCC_MA=$B59)*IFERROR(VALUE(SUBSTITUTE($AJ$6:$AJ$100,"N","")),0)),SUMPRODUCT((BCC_MA=$B59)*IFERROR(VALUE(SUBSTITUTE($AK$6:$AK$100,"N","")),0)))) -> 8
A60: 55 | B60: QT-29 | C60: =IF(B60="","",IFERROR(INDEX(NV_TEN,MATCH(B60,NV_MA,0)),"MÃ KHÔNG CÓ")) -> La Trọng Sơn | D60: Thời vụ HAQT | F60: =IF(D60="","",IFERROR(INDEX(NH_GIO,MATCH(D60,NH_TEN,0)),"NHÓM?")) -> 8 | G60: 8 | H60: 8 | I60: 8 | J60: 12 | K60: 8 | L60: 8 | M60: 8 | O60: 8 | P60: 8 | Q60: 8 | R60: 8 | S60: 8 | T60: 8 | U60: 8 | V60: 8 | W60: 8 | AB60: 8 | AG60: 8 | AH60: 8 | AI60: 8 | AJ60: 8 | AK60: 8 | AL60: =IF(B60="","",SUMPRODUCT(IFERROR(VALUE(SUBSTITUTE(G60:AK60,"N","")),0))) -> 180 | AM60: =IF(B60="","",AL60/F60) -> 22.5 | AN60: =IF(B60="","",SUMPRODUCT(ISNUMBER(SEARCH("N",G60:AK60))*IFERROR(VALUE(SUBSTITUTE(G60:AK60,"N","")),0))/F60) -> 0 | AR60: =IF(B60="",0,MAX(SUMPRODUCT((BCC_MA=$B60)*IFERROR(VALUE(SUBSTITUTE($G$6:$G$100,"N","")),0)),SUMPRODUCT((BCC_MA=$B60)*IFERROR(VALUE(SUBSTITUTE($H$6:$H$100,"N","")),0)),SUMPRODUCT((BCC_MA=$B60)*IFERROR(VALUE(SUBSTITUTE($I$6:$I$100,"N","")),0)),SUMPRODUCT((BCC_MA=$B60)*IFERROR(VALUE(SUBSTITUTE($J$6:$J$100,"N","")),0)),SUMPRODUCT((BCC_MA=$B60)*IFERROR(VALUE(SUBSTITUTE($K$6:$K$100,"N","")),0)),SUMPRODUCT((BCC_MA=$B60)*IFERROR(VALUE(SUBSTITUTE($L$6:$L$100,"N","")),0)),SUMPRODUCT((BCC_MA=$B60)*IFERROR(VALUE(SUBSTITUTE($M$6:$M$100,"N","")),0)),SUMPRODUCT((BCC_MA=$B60)*IFERROR(VALUE(SUBSTITUTE($N$6:$N$100,"N","")),0)),SUMPRODUCT((BCC_MA=$B60)*IFERROR(VALUE(SUBSTITUTE($O$6:$O$100,"N","")),0)),SUMPRODUCT((BCC_MA=$B60)*IFERROR(VALUE(SUBSTITUTE($P$6:$P$100,"N","")),0)),SUMPRODUCT((BCC_MA=$B60)*IFERROR(VALUE(SUBSTITUTE($Q$6:$Q$100,"N","")),0)),SUMPRODUCT((BCC_MA=$B60)*IFERROR(VALUE(SUBSTITUTE($R$6:$R$100,"N","")),0)),SUMPRODUCT((BCC_MA=$B60)*IFERROR(VALUE(SUBSTITUTE($S$6:$S$100,"N","")),0)),SUMPRODUCT((BCC_MA=$B60)*IFERROR(VALUE(SUBSTITUTE($T$6:$T$100,"N","")),0)),SUMPRODUCT((BCC_MA=$B60)*IFERROR(VALUE(SUBSTITUTE($U$6:$U$100,"N","")),0)),SUMPRODUCT((BCC_MA=$B60)*IFERROR(VALUE(SUBSTITUTE($V$6:$V$100,"N","")),0)),SUMPRODUCT((BCC_MA=$B60)*IFERROR(VALUE(SUBSTITUTE($W$6:$W$100,"N","")),0)),SUMPRODUCT((BCC_MA=$B60)*IFERROR(VALUE(SUBSTITUTE($X$6:$X$100,"N","")),0)),SUMPRODUCT((BCC_MA=$B60)*IFERROR(VALUE(SUBSTITUTE($Y$6:$Y$100,"N","")),0)),SUMPRODUCT((BCC_MA=$B60)*IFERROR(VALUE(SUBSTITUTE($Z$6:$Z$100,"N","")),0)),SUMPRODUCT((BCC_MA=$B60)*IFERROR(VALUE(SUBSTITUTE($AA$6:$AA$100,"N","")),0)),SUMPRODUCT((BCC_MA=$B60)*IFERROR(VALUE(SUBSTITUTE($AB$6:$AB$100,"N","")),0)),SUMPRODUCT((BCC_MA=$B60)*IFERROR(VALUE(SUBSTITUTE($AC$6:$AC$100,"N","")),0)),SUMPRODUCT((BCC_MA=$B60)*IFERROR(VALUE(SUBSTITUTE($AD$6:$AD$100,"N","")),0)),SUMPRODUCT((BCC_MA=$B60)*IFERROR(VALUE(SUBSTITUTE($AE$6:$AE$100,"N","")),0)),SUMPRODUCT((BCC_MA=$B60)*IFERROR(VALUE(SUBSTITUTE($AF$6:$AF$100,"N","")),0)),SUMPRODUCT((BCC_MA=$B60)*IFERROR(VALUE(SUBSTITUTE($AG$6:$AG$100,"N","")),0)),SUMPRODUCT((BCC_MA=$B60)*IFERROR(VALUE(SUBSTITUTE($AH$6:$AH$100,"N","")),0)),SUMPRODUCT((BCC_MA=$B60)*IFERROR(VALUE(SUBSTITUTE($AI$6:$AI$100,"N","")),0)),SUMPRODUCT((BCC_MA=$B60)*IFERROR(VALUE(SUBSTITUTE($AJ$6:$AJ$100,"N","")),0)),SUMPRODUCT((BCC_MA=$B60)*IFERROR(VALUE(SUBSTITUTE($AK$6:$AK$100,"N","")),0)))) -> 12
A61: 56 | B61: QT-30 | C61: =IF(B61="","",IFERROR(INDEX(NV_TEN,MATCH(B61,NV_MA,0)),"MÃ KHÔNG CÓ")) -> Nguyễn Đình Bình | D61: Thời vụ HAQT | F61: =IF(D61="","",IFERROR(INDEX(NH_GIO,MATCH(D61,NH_TEN,0)),"NHÓM?")) -> 8 | G61: 8 | H61: 8 | I61: 8 | J61: 12 | K61: 8 | L61: 8 | M61: 8 | O61: 8 | P61: 8 | Q61: 8 | S61: 8 | T61: 8 | U61: 8 | V61: 8 | W61: 8 | AB61: 8 | AG61: 8 | AH61: 8 | AI61: 8 | AJ61: 8 | AK61: 8 | AL61: =IF(B61="","",SUMPRODUCT(IFERROR(VALUE(SUBSTITUTE(G61:AK61,"N","")),0))) -> 172 | AM61: =IF(B61="","",AL61/F61) -> 21.5 | AN61: =IF(B61="","",SUMPRODUCT(ISNUMBER(SEARCH("N",G61:AK61))*IFERROR(VALUE(SUBSTITUTE(G61:AK61,"N","")),0))/F61) -> 0 | AR61: =IF(B61="",0,MAX(SUMPRODUCT((BCC_MA=$B61)*IFERROR(VALUE(SUBSTITUTE($G$6:$G$100,"N","")),0)),SUMPRODUCT((BCC_MA=$B61)*IFERROR(VALUE(SUBSTITUTE($H$6:$H$100,"N","")),0)),SUMPRODUCT((BCC_MA=$B61)*IFERROR(VALUE(SUBSTITUTE($I$6:$I$100,"N","")),0)),SUMPRODUCT((BCC_MA=$B61)*IFERROR(VALUE(SUBSTITUTE($J$6:$J$100,"N","")),0)),SUMPRODUCT((BCC_MA=$B61)*IFERROR(VALUE(SUBSTITUTE($K$6:$K$100,"N","")),0)),SUMPRODUCT((BCC_MA=$B61)*IFERROR(VALUE(SUBSTITUTE($L$6:$L$100,"N","")),0)),SUMPRODUCT((BCC_MA=$B61)*IFERROR(VALUE(SUBSTITUTE($M$6:$M$100,"N","")),0)),SUMPRODUCT((BCC_MA=$B61)*IFERROR(VALUE(SUBSTITUTE($N$6:$N$100,"N","")),0)),SUMPRODUCT((BCC_MA=$B61)*IFERROR(VALUE(SUBSTITUTE($O$6:$O$100,"N","")),0)),SUMPRODUCT((BCC_MA=$B61)*IFERROR(VALUE(SUBSTITUTE($P$6:$P$100,"N","")),0)),SUMPRODUCT((BCC_MA=$B61)*IFERROR(VALUE(SUBSTITUTE($Q$6:$Q$100,"N","")),0)),SUMPRODUCT((BCC_MA=$B61)*IFERROR(VALUE(SUBSTITUTE($R$6:$R$100,"N","")),0)),SUMPRODUCT((BCC_MA=$B61)*IFERROR(VALUE(SUBSTITUTE($S$6:$S$100,"N","")),0)),SUMPRODUCT((BCC_MA=$B61)*IFERROR(VALUE(SUBSTITUTE($T$6:$T$100,"N","")),0)),SUMPRODUCT((BCC_MA=$B61)*IFERROR(VALUE(SUBSTITUTE($U$6:$U$100,"N","")),0)),SUMPRODUCT((BCC_MA=$B61)*IFERROR(VALUE(SUBSTITUTE($V$6:$V$100,"N","")),0)),SUMPRODUCT((BCC_MA=$B61)*IFERROR(VALUE(SUBSTITUTE($W$6:$W$100,"N","")),0)),SUMPRODUCT((BCC_MA=$B61)*IFERROR(VALUE(SUBSTITUTE($X$6:$X$100,"N","")),0)),SUMPRODUCT((BCC_MA=$B61)*IFERROR(VALUE(SUBSTITUTE($Y$6:$Y$100,"N","")),0)),SUMPRODUCT((BCC_MA=$B61)*IFERROR(VALUE(SUBSTITUTE($Z$6:$Z$100,"N","")),0)),SUMPRODUCT((BCC_MA=$B61)*IFERROR(VALUE(SUBSTITUTE($AA$6:$AA$100,"N","")),0)),SUMPRODUCT((BCC_MA=$B61)*IFERROR(VALUE(SUBSTITUTE($AB$6:$AB$100,"N","")),0)),SUMPRODUCT((BCC_MA=$B61)*IFERROR(VALUE(SUBSTITUTE($AC$6:$AC$100,"N","")),0)),SUMPRODUCT((BCC_MA=$B61)*IFERROR(VALUE(SUBSTITUTE($AD$6:$AD$100,"N","")),0)),SUMPRODUCT((BCC_MA=$B61)*IFERROR(VALUE(SUBSTITUTE($AE$6:$AE$100,"N","")),0)),SUMPRODUCT((BCC_MA=$B61)*IFERROR(VALUE(SUBSTITUTE($AF$6:$AF$100,"N","")),0)),SUMPRODUCT((BCC_MA=$B61)*IFERROR(VALUE(SUBSTITUTE($AG$6:$AG$100,"N","")),0)),SUMPRODUCT((BCC_MA=$B61)*IFERROR(VALUE(SUBSTITUTE($AH$6:$AH$100,"N","")),0)),SUMPRODUCT((BCC_MA=$B61)*IFERROR(VALUE(SUBSTITUTE($AI$6:$AI$100,"N","")),0)),SUMPRODUCT((BCC_MA=$B61)*IFERROR(VALUE(SUBSTITUTE($AJ$6:$AJ$100,"N","")),0)),SUMPRODUCT((BCC_MA=$B61)*IFERROR(VALUE(SUBSTITUTE($AK$6:$AK$100,"N","")),0)))) -> 12
A62: 57 | B62: LAO-002 | C62: =IF(B62="","",IFERROR(INDEX(NV_TEN,MATCH(B62,NV_MA,0)),"MÃ KHÔNG CÓ")) -> Nghen | D62: Lào | F62: =IF(D62="","",IFERROR(INDEX(NH_GIO,MATCH(D62,NH_TEN,0)),"NHÓM?")) -> 8 | G62: 8 | H62: 8 | I62: 8 | J62: 8 | K62: 8 | L62: 8 | M62: 8 | N62: 8 | O62: 8 | P62: 8 | Q62: 8 | R62: 8 | S62: 8 | T62: 8 | U62: 8 | V62: 8 | W62: 8 | X62: 8 | Y62: 8 | Z62: 8 | AA62: 8 | AB62: 8 | AC62: 8 | AD62: 8 | AE62: 8 | AF62: 8 | AG62: 8 | AH62: 8 | AI62: 8 | AJ62: 8 | AK62: 8 | AL62: =IF(B62="","",SUMPRODUCT(IFERROR(VALUE(SUBSTITUTE(G62:AK62,"N","")),0))) -> 248 | AM62: =IF(B62="","",AL62/F62) -> 31 | AN62: =IF(B62="","",SUMPRODUCT(ISNUMBER(SEARCH("N",G62:AK62))*IFERROR(VALUE(SUBSTITUTE(G62:AK62,"N","")),0))/F62) -> 0 | AR62: =IF(B62="",0,MAX(SUMPRODUCT((BCC_MA=$B62)*IFERROR(VALUE(SUBSTITUTE($G$6:$G$100,"N","")),0)),SUMPRODUCT((BCC_MA=$B62)*IFERROR(VALUE(SUBSTITUTE($H$6:$H$100,"N","")),0)),SUMPRODUCT((BCC_MA=$B62)*IFERROR(VALUE(SUBSTITUTE($I$6:$I$100,"N","")),0)),SUMPRODUCT((BCC_MA=$B62)*IFERROR(VALUE(SUBSTITUTE($J$6:$J$100,"N","")),0)),SUMPRODUCT((BCC_MA=$B62)*IFERROR(VALUE(SUBSTITUTE($K$6:$K$100,"N","")),0)),SUMPRODUCT((BCC_MA=$B62)*IFERROR(VALUE(SUBSTITUTE($L$6:$L$100,"N","")),0)),SUMPRODUCT((BCC_MA=$B62)*IFERROR(VALUE(SUBSTITUTE($M$6:$M$100,"N","")),0)),SUMPRODUCT((BCC_MA=$B62)*IFERROR(VALUE(SUBSTITUTE($N$6:$N$100,"N","")),0)),SUMPRODUCT((BCC_MA=$B62)*IFERROR(VALUE(SUBSTITUTE($O$6:$O$100,"N","")),0)),SUMPRODUCT((BCC_MA=$B62)*IFERROR(VALUE(SUBSTITUTE($P$6:$P$100,"N","")),0)),SUMPRODUCT((BCC_MA=$B62)*IFERROR(VALUE(SUBSTITUTE($Q$6:$Q$100,"N","")),0)),SUMPRODUCT((BCC_MA=$B62)*IFERROR(VALUE(SUBSTITUTE($R$6:$R$100,"N","")),0)),SUMPRODUCT((BCC_MA=$B62)*IFERROR(VALUE(SUBSTITUTE($S$6:$S$100,"N","")),0)),SUMPRODUCT((BCC_MA=$B62)*IFERROR(VALUE(SUBSTITUTE($T$6:$T$100,"N","")),0)),SUMPRODUCT((BCC_MA=$B62)*IFERROR(VALUE(SUBSTITUTE($U$6:$U$100,"N","")),0)),SUMPRODUCT((BCC_MA=$B62)*IFERROR(VALUE(SUBSTITUTE($V$6:$V$100,"N","")),0)),SUMPRODUCT((BCC_MA=$B62)*IFERROR(VALUE(SUBSTITUTE($W$6:$W$100,"N","")),0)),SUMPRODUCT((BCC_MA=$B62)*IFERROR(VALUE(SUBSTITUTE($X$6:$X$100,"N","")),0)),SUMPRODUCT((BCC_MA=$B62)*IFERROR(VALUE(SUBSTITUTE($Y$6:$Y$100,"N","")),0)),SUMPRODUCT((BCC_MA=$B62)*IFERROR(VALUE(SUBSTITUTE($Z$6:$Z$100,"N","")),0)),SUMPRODUCT((BCC_MA=$B62)*IFERROR(VALUE(SUBSTITUTE($AA$6:$AA$100,"N","")),0)),SUMPRODUCT((BCC_MA=$B62)*IFERROR(VALUE(SUBSTITUTE($AB$6:$AB$100,"N","")),0)),SUMPRODUCT((BCC_MA=$B62)*IFERROR(VALUE(SUBSTITUTE($AC$6:$AC$100,"N","")),0)),SUMPRODUCT((BCC_MA=$B62)*IFERROR(VALUE(SUBSTITUTE($AD$6:$AD$100,"N","")),0)),SUMPRODUCT((BCC_MA=$B62)*IFERROR(VALUE(SUBSTITUTE($AE$6:$AE$100,"N","")),0)),SUMPRODUCT((BCC_MA=$B62)*IFERROR(VALUE(SUBSTITUTE($AF$6:$AF$100,"N","")),0)),SUMPRODUCT((BCC_MA=$B62)*IFERROR(VALUE(SUBSTITUTE($AG$6:$AG$100,"N","")),0)),SUMPRODUCT((BCC_MA=$B62)*IFERROR(VALUE(SUBSTITUTE($AH$6:$AH$100,"N","")),0)),SUMPRODUCT((BCC_MA=$B62)*IFERROR(VALUE(SUBSTITUTE($AI$6:$AI$100,"N","")),0)),SUMPRODUCT((BCC_MA=$B62)*IFERROR(VALUE(SUBSTITUTE($AJ$6:$AJ$100,"N","")),0)),SUMPRODUCT((BCC_MA=$B62)*IFERROR(VALUE(SUBSTITUTE($AK$6:$AK$100,"N","")),0)))) -> 8
A63: 58 | B63: LAO-003 | C63: =IF(B63="","",IFERROR(INDEX(NV_TEN,MATCH(B63,NV_MA,0)),"MÃ KHÔNG CÓ")) -> Ken | D63: Lào | F63: =IF(D63="","",IFERROR(INDEX(NH_GIO,MATCH(D63,NH_TEN,0)),"NHÓM?")) -> 8 | S63: 8 | T63: 8 | U63: 8 | V63: 8 | W63: 8 | X63: 8 | Y63: 8 | Z63: 8 | AA63: 8 | AB63: 8 | AC63: 8 | AD63: 8 | AE63: 8 | AF63: 8 | AG63: 8 | AH63: 8 | AI63: 8 | AJ63: 8 | AK63: 8 | AL63: =IF(B63="","",SUMPRODUCT(IFERROR(VALUE(SUBSTITUTE(G63:AK63,"N","")),0))) -> 152 | AM63: =IF(B63="","",AL63/F63) -> 19 | AN63: =IF(B63="","",SUMPRODUCT(ISNUMBER(SEARCH("N",G63:AK63))*IFERROR(VALUE(SUBSTITUTE(G63:AK63,"N","")),0))/F63) -> 0 | AR63: =IF(B63="",0,MAX(SUMPRODUCT((BCC_MA=$B63)*IFERROR(VALUE(SUBSTITUTE($G$6:$G$100,"N","")),0)),SUMPRODUCT((BCC_MA=$B63)*IFERROR(VALUE(SUBSTITUTE($H$6:$H$100,"N","")),0)),SUMPRODUCT((BCC_MA=$B63)*IFERROR(VALUE(SUBSTITUTE($I$6:$I$100,"N","")),0)),SUMPRODUCT((BCC_MA=$B63)*IFERROR(VALUE(SUBSTITUTE($J$6:$J$100,"N","")),0)),SUMPRODUCT((BCC_MA=$B63)*IFERROR(VALUE(SUBSTITUTE($K$6:$K$100,"N","")),0)),SUMPRODUCT((BCC_MA=$B63)*IFERROR(VALUE(SUBSTITUTE($L$6:$L$100,"N","")),0)),SUMPRODUCT((BCC_MA=$B63)*IFERROR(VALUE(SUBSTITUTE($M$6:$M$100,"N","")),0)),SUMPRODUCT((BCC_MA=$B63)*IFERROR(VALUE(SUBSTITUTE($N$6:$N$100,"N","")),0)),SUMPRODUCT((BCC_MA=$B63)*IFERROR(VALUE(SUBSTITUTE($O$6:$O$100,"N","")),0)),SUMPRODUCT((BCC_MA=$B63)*IFERROR(VALUE(SUBSTITUTE($P$6:$P$100,"N","")),0)),SUMPRODUCT((BCC_MA=$B63)*IFERROR(VALUE(SUBSTITUTE($Q$6:$Q$100,"N","")),0)),SUMPRODUCT((BCC_MA=$B63)*IFERROR(VALUE(SUBSTITUTE($R$6:$R$100,"N","")),0)),SUMPRODUCT((BCC_MA=$B63)*IFERROR(VALUE(SUBSTITUTE($S$6:$S$100,"N","")),0)),SUMPRODUCT((BCC_MA=$B63)*IFERROR(VALUE(SUBSTITUTE($T$6:$T$100,"N","")),0)),SUMPRODUCT((BCC_MA=$B63)*IFERROR(VALUE(SUBSTITUTE($U$6:$U$100,"N","")),0)),SUMPRODUCT((BCC_MA=$B63)*IFERROR(VALUE(SUBSTITUTE($V$6:$V$100,"N","")),0)),SUMPRODUCT((BCC_MA=$B63)*IFERROR(VALUE(SUBSTITUTE($W$6:$W$100,"N","")),0)),SUMPRODUCT((BCC_MA=$B63)*IFERROR(VALUE(SUBSTITUTE($X$6:$X$100,"N","")),0)),SUMPRODUCT((BCC_MA=$B63)*IFERROR(VALUE(SUBSTITUTE($Y$6:$Y$100,"N","")),0)),SUMPRODUCT((BCC_MA=$B63)*IFERROR(VALUE(SUBSTITUTE($Z$6:$Z$100,"N","")),0)),SUMPRODUCT((BCC_MA=$B63)*IFERROR(VALUE(SUBSTITUTE($AA$6:$AA$100,"N","")),0)),SUMPRODUCT((BCC_MA=$B63)*IFERROR(VALUE(SUBSTITUTE($AB$6:$AB$100,"N","")),0)),SUMPRODUCT((BCC_MA=$B63)*IFERROR(VALUE(SUBSTITUTE($AC$6:$AC$100,"N","")),0)),SUMPRODUCT((BCC_MA=$B63)*IFERROR(VALUE(SUBSTITUTE($AD$6:$AD$100,"N","")),0)),SUMPRODUCT((BCC_MA=$B63)*IFERROR(VALUE(SUBSTITUTE($AE$6:$AE$100,"N","")),0)),SUMPRODUCT((BCC_MA=$B63)*IFERROR(VALUE(SUBSTITUTE($AF$6:$AF$100,"N","")),0)),SUMPRODUCT((BCC_MA=$B63)*IFERROR(VALUE(SUBSTITUTE($AG$6:$AG$100,"N","")),0)),SUMPRODUCT((BCC_MA=$B63)*IFERROR(VALUE(SUBSTITUTE($AH$6:$AH$100,"N","")),0)),SUMPRODUCT((BCC_MA=$B63)*IFERROR(VALUE(SUBSTITUTE($AI$6:$AI$100,"N","")),0)),SUMPRODUCT((BCC_MA=$B63)*IFERROR(VALUE(SUBSTITUTE($AJ$6:$AJ$100,"N","")),0)),SUMPRODUCT((BCC_MA=$B63)*IFERROR(VALUE(SUBSTITUTE($AK$6:$AK$100,"N","")),0)))) -> 8
A64: 59 | B64: LAO-004 | C64: =IF(B64="","",IFERROR(INDEX(NV_TEN,MATCH(B64,NV_MA,0)),"MÃ KHÔNG CÓ")) -> Dương | D64: Lào | F64: =IF(D64="","",IFERROR(INDEX(NH_GIO,MATCH(D64,NH_TEN,0)),"NHÓM?")) -> 8 | G64: 8 | H64: 8 | I64: 8 | J64: 8 | K64: 8 | L64: 8 | M64: 8 | N64: 8 | O64: 8 | P64: 8 | Q64: 8 | R64: 8 | S64: 8 | T64: 8 | U64: 8 | V64: 8 | W64: 8 | X64: 8 | Y64: 8 | Z64: 8 | AA64: 8 | AB64: 8 | AC64: 8 | AD64: 8 | AE64: 8 | AF64: 8 | AG64: 8 | AH64: 8 | AI64: 8 | AJ64: 8 | AK64: 8 | AL64: =IF(B64="","",SUMPRODUCT(IFERROR(VALUE(SUBSTITUTE(G64:AK64,"N","")),0))) -> 248 | AM64: =IF(B64="","",AL64/F64) -> 31 | AN64: =IF(B64="","",SUMPRODUCT(ISNUMBER(SEARCH("N",G64:AK64))*IFERROR(VALUE(SUBSTITUTE(G64:AK64,"N","")),0))/F64) -> 0 | AR64: =IF(B64="",0,MAX(SUMPRODUCT((BCC_MA=$B64)*IFERROR(VALUE(SUBSTITUTE($G$6:$G$100,"N","")),0)),SUMPRODUCT((BCC_MA=$B64)*IFERROR(VALUE(SUBSTITUTE($H$6:$H$100,"N","")),0)),SUMPRODUCT((BCC_MA=$B64)*IFERROR(VALUE(SUBSTITUTE($I$6:$I$100,"N","")),0)),SUMPRODUCT((BCC_MA=$B64)*IFERROR(VALUE(SUBSTITUTE($J$6:$J$100,"N","")),0)),SUMPRODUCT((BCC_MA=$B64)*IFERROR(VALUE(SUBSTITUTE($K$6:$K$100,"N","")),0)),SUMPRODUCT((BCC_MA=$B64)*IFERROR(VALUE(SUBSTITUTE($L$6:$L$100,"N","")),0)),SUMPRODUCT((BCC_MA=$B64)*IFERROR(VALUE(SUBSTITUTE($M$6:$M$100,"N","")),0)),SUMPRODUCT((BCC_MA=$B64)*IFERROR(VALUE(SUBSTITUTE($N$6:$N$100,"N","")),0)),SUMPRODUCT((BCC_MA=$B64)*IFERROR(VALUE(SUBSTITUTE($O$6:$O$100,"N","")),0)),SUMPRODUCT((BCC_MA=$B64)*IFERROR(VALUE(SUBSTITUTE($P$6:$P$100,"N","")),0)),SUMPRODUCT((BCC_MA=$B64)*IFERROR(VALUE(SUBSTITUTE($Q$6:$Q$100,"N","")),0)),SUMPRODUCT((BCC_MA=$B64)*IFERROR(VALUE(SUBSTITUTE($R$6:$R$100,"N","")),0)),SUMPRODUCT((BCC_MA=$B64)*IFERROR(VALUE(SUBSTITUTE($S$6:$S$100,"N","")),0)),SUMPRODUCT((BCC_MA=$B64)*IFERROR(VALUE(SUBSTITUTE($T$6:$T$100,"N","")),0)),SUMPRODUCT((BCC_MA=$B64)*IFERROR(VALUE(SUBSTITUTE($U$6:$U$100,"N","")),0)),SUMPRODUCT((BCC_MA=$B64)*IFERROR(VALUE(SUBSTITUTE($V$6:$V$100,"N","")),0)),SUMPRODUCT((BCC_MA=$B64)*IFERROR(VALUE(SUBSTITUTE($W$6:$W$100,"N","")),0)),SUMPRODUCT((BCC_MA=$B64)*IFERROR(VALUE(SUBSTITUTE($X$6:$X$100,"N","")),0)),SUMPRODUCT((BCC_MA=$B64)*IFERROR(VALUE(SUBSTITUTE($Y$6:$Y$100,"N","")),0)),SUMPRODUCT((BCC_MA=$B64)*IFERROR(VALUE(SUBSTITUTE($Z$6:$Z$100,"N","")),0)),SUMPRODUCT((BCC_MA=$B64)*IFERROR(VALUE(SUBSTITUTE($AA$6:$AA$100,"N","")),0)),SUMPRODUCT((BCC_MA=$B64)*IFERROR(VALUE(SUBSTITUTE($AB$6:$AB$100,"N","")),0)),SUMPRODUCT((BCC_MA=$B64)*IFERROR(VALUE(SUBSTITUTE($AC$6:$AC$100,"N","")),0)),SUMPRODUCT((BCC_MA=$B64)*IFERROR(VALUE(SUBSTITUTE($AD$6:$AD$100,"N","")),0)),SUMPRODUCT((BCC_MA=$B64)*IFERROR(VALUE(SUBSTITUTE($AE$6:$AE$100,"N","")),0)),SUMPRODUCT((BCC_MA=$B64)*IFERROR(VALUE(SUBSTITUTE($AF$6:$AF$100,"N","")),0)),SUMPRODUCT((BCC_MA=$B64)*IFERROR(VALUE(SUBSTITUTE($AG$6:$AG$100,"N","")),0)),SUMPRODUCT((BCC_MA=$B64)*IFERROR(VALUE(SUBSTITUTE($AH$6:$AH$100,"N","")),0)),SUMPRODUCT((BCC_MA=$B64)*IFERROR(VALUE(SUBSTITUTE($AI$6:$AI$100,"N","")),0)),SUMPRODUCT((BCC_MA=$B64)*IFERROR(VALUE(SUBSTITUTE($AJ$6:$AJ$100,"N","")),0)),SUMPRODUCT((BCC_MA=$B64)*IFERROR(VALUE(SUBSTITUTE($AK$6:$AK$100,"N","")),0)))) -> 8
A65: =IF(B65="","",ROW()-5) | C65: =IF(B65="","",IFERROR(INDEX(NV_TEN,MATCH(B65,NV_MA,0)),"MÃ KHÔNG CÓ")) | F65: =IF(D65="","",IFERROR(INDEX(NH_GIO,MATCH(D65,NH_TEN,0)),"NHÓM?")) | AL65: =IF(B65="","",SUMPRODUCT(IFERROR(VALUE(SUBSTITUTE(G65:AK65,"N","")),0))) | AM65: =IF(B65="","",AL65/F65) | AN65: =IF(B65="","",SUMPRODUCT(ISNUMBER(SEARCH("N",G65:AK65))*IFERROR(VALUE(SUBSTITUTE(G65:AK65,"N","")),0))/F65) | AR65: =IF(B65="",0,MAX(SUMPRODUCT((BCC_MA=$B65)*IFERROR(VALUE(SUBSTITUTE($G$6:$G$100,"N","")),0)),SUMPRODUCT((BCC_MA=$B65)*IFERROR(VALUE(SUBSTITUTE($H$6:$H$100,"N","")),0)),SUMPRODUCT((BCC_MA=$B65)*IFERROR(VALUE(SUBSTITUTE($I$6:$I$100,"N","")),0)),SUMPRODUCT((BCC_MA=$B65)*IFERROR(VALUE(SUBSTITUTE($J$6:$J$100,"N","")),0)),SUMPRODUCT((BCC_MA=$B65)*IFERROR(VALUE(SUBSTITUTE($K$6:$K$100,"N","")),0)),SUMPRODUCT((BCC_MA=$B65)*IFERROR(VALUE(SUBSTITUTE($L$6:$L$100,"N","")),0)),SUMPRODUCT((BCC_MA=$B65)*IFERROR(VALUE(SUBSTITUTE($M$6:$M$100,"N","")),0)),SUMPRODUCT((BCC_MA=$B65)*IFERROR(VALUE(SUBSTITUTE($N$6:$N$100,"N","")),0)),SUMPRODUCT((BCC_MA=$B65)*IFERROR(VALUE(SUBSTITUTE($O$6:$O$100,"N","")),0)),SUMPRODUCT((BCC_MA=$B65)*IFERROR(VALUE(SUBSTITUTE($P$6:$P$100,"N","")),0)),SUMPRODUCT((BCC_MA=$B65)*IFERROR(VALUE(SUBSTITUTE($Q$6:$Q$100,"N","")),0)),SUMPRODUCT((BCC_MA=$B65)*IFERROR(VALUE(SUBSTITUTE($R$6:$R$100,"N","")),0)),SUMPRODUCT((BCC_MA=$B65)*IFERROR(VALUE(SUBSTITUTE($S$6:$S$100,"N","")),0)),SUMPRODUCT((BCC_MA=$B65)*IFERROR(VALUE(SUBSTITUTE($T$6:$T$100,"N","")),0)),SUMPRODUCT((BCC_MA=$B65)*IFERROR(VALUE(SUBSTITUTE($U$6:$U$100,"N","")),0)),SUMPRODUCT((BCC_MA=$B65)*IFERROR(VALUE(SUBSTITUTE($V$6:$V$100,"N","")),0)),SUMPRODUCT((BCC_MA=$B65)*IFERROR(VALUE(SUBSTITUTE($W$6:$W$100,"N","")),0)),SUMPRODUCT((BCC_MA=$B65)*IFERROR(VALUE(SUBSTITUTE($X$6:$X$100,"N","")),0)),SUMPRODUCT((BCC_MA=$B65)*IFERROR(VALUE(SUBSTITUTE($Y$6:$Y$100,"N","")),0)),SUMPRODUCT((BCC_MA=$B65)*IFERROR(VALUE(SUBSTITUTE($Z$6:$Z$100,"N","")),0)),SUMPRODUCT((BCC_MA=$B65)*IFERROR(VALUE(SUBSTITUTE($AA$6:$AA$100,"N","")),0)),SUMPRODUCT((BCC_MA=$B65)*IFERROR(VALUE(SUBSTITUTE($AB$6:$AB$100,"N","")),0)),SUMPRODUCT((BCC_MA=$B65)*IFERROR(VALUE(SUBSTITUTE($AC$6:$AC$100,"N","")),0)),SUMPRODUCT((BCC_MA=$B65)*IFERROR(VALUE(SUBSTITUTE($AD$6:$AD$100,"N","")),0)),SUMPRODUCT((BCC_MA=$B65)*IFERROR(VALUE(SUBSTITUTE($AE$6:$AE$100,"N","")),0)),SUMPRODUCT((BCC_MA=$B65)*IFERROR(VALUE(SUBSTITUTE($AF$6:$AF$100,"N","")),0)),SUMPRODUCT((BCC_MA=$B65)*IFERROR(VALUE(SUBSTITUTE($AG$6:$AG$100,"N","")),0)),SUMPRODUCT((BCC_MA=$B65)*IFERROR(VALUE(SUBSTITUTE($AH$6:$AH$100,"N","")),0)),SUMPRODUCT((BCC_MA=$B65)*IFERROR(VALUE(SUBSTITUTE($AI$6:$AI$100,"N","")),0)),SUMPRODUCT((BCC_MA=$B65)*IFERROR(VALUE(SUBSTITUTE($AJ$6:$AJ$100,"N","")),0)),SUMPRODUCT((BCC_MA=$B65)*IFERROR(VALUE(SUBSTITUTE($AK$6:$AK$100,"N","")),0)))) -> 0
A66: =IF(B66="","",ROW()-5) | C66: =IF(B66="","",IFERROR(INDEX(NV_TEN,MATCH(B66,NV_MA,0)),"MÃ KHÔNG CÓ")) | F66: =IF(D66="","",IFERROR(INDEX(NH_GIO,MATCH(D66,NH_TEN,0)),"NHÓM?")) | AL66: =IF(B66="","",SUMPRODUCT(IFERROR(VALUE(SUBSTITUTE(G66:AK66,"N","")),0))) | AM66: =IF(B66="","",AL66/F66) | AN66: =IF(B66="","",SUMPRODUCT(ISNUMBER(SEARCH("N",G66:AK66))*IFERROR(VALUE(SUBSTITUTE(G66:AK66,"N","")),0))/F66) | AR66: =IF(B66="",0,MAX(SUMPRODUCT((BCC_MA=$B66)*IFERROR(VALUE(SUBSTITUTE($G$6:$G$100,"N","")),0)),SUMPRODUCT((BCC_MA=$B66)*IFERROR(VALUE(SUBSTITUTE($H$6:$H$100,"N","")),0)),SUMPRODUCT((BCC_MA=$B66)*IFERROR(VALUE(SUBSTITUTE($I$6:$I$100,"N","")),0)),SUMPRODUCT((BCC_MA=$B66)*IFERROR(VALUE(SUBSTITUTE($J$6:$J$100,"N","")),0)),SUMPRODUCT((BCC_MA=$B66)*IFERROR(VALUE(SUBSTITUTE($K$6:$K$100,"N","")),0)),SUMPRODUCT((BCC_MA=$B66)*IFERROR(VALUE(SUBSTITUTE($L$6:$L$100,"N","")),0)),SUMPRODUCT((BCC_MA=$B66)*IFERROR(VALUE(SUBSTITUTE($M$6:$M$100,"N","")),0)),SUMPRODUCT((BCC_MA=$B66)*IFERROR(VALUE(SUBSTITUTE($N$6:$N$100,"N","")),0)),SUMPRODUCT((BCC_MA=$B66)*IFERROR(VALUE(SUBSTITUTE($O$6:$O$100,"N","")),0)),SUMPRODUCT((BCC_MA=$B66)*IFERROR(VALUE(SUBSTITUTE($P$6:$P$100,"N","")),0)),SUMPRODUCT((BCC_MA=$B66)*IFERROR(VALUE(SUBSTITUTE($Q$6:$Q$100,"N","")),0)),SUMPRODUCT((BCC_MA=$B66)*IFERROR(VALUE(SUBSTITUTE($R$6:$R$100,"N","")),0)),SUMPRODUCT((BCC_MA=$B66)*IFERROR(VALUE(SUBSTITUTE($S$6:$S$100,"N","")),0)),SUMPRODUCT((BCC_MA=$B66)*IFERROR(VALUE(SUBSTITUTE($T$6:$T$100,"N","")),0)),SUMPRODUCT((BCC_MA=$B66)*IFERROR(VALUE(SUBSTITUTE($U$6:$U$100,"N","")),0)),SUMPRODUCT((BCC_MA=$B66)*IFERROR(VALUE(SUBSTITUTE($V$6:$V$100,"N","")),0)),SUMPRODUCT((BCC_MA=$B66)*IFERROR(VALUE(SUBSTITUTE($W$6:$W$100,"N","")),0)),SUMPRODUCT((BCC_MA=$B66)*IFERROR(VALUE(SUBSTITUTE($X$6:$X$100,"N","")),0)),SUMPRODUCT((BCC_MA=$B66)*IFERROR(VALUE(SUBSTITUTE($Y$6:$Y$100,"N","")),0)),SUMPRODUCT((BCC_MA=$B66)*IFERROR(VALUE(SUBSTITUTE($Z$6:$Z$100,"N","")),0)),SUMPRODUCT((BCC_MA=$B66)*IFERROR(VALUE(SUBSTITUTE($AA$6:$AA$100,"N","")),0)),SUMPRODUCT((BCC_MA=$B66)*IFERROR(VALUE(SUBSTITUTE($AB$6:$AB$100,"N","")),0)),SUMPRODUCT((BCC_MA=$B66)*IFERROR(VALUE(SUBSTITUTE($AC$6:$AC$100,"N","")),0)),SUMPRODUCT((BCC_MA=$B66)*IFERROR(VALUE(SUBSTITUTE($AD$6:$AD$100,"N","")),0)),SUMPRODUCT((BCC_MA=$B66)*IFERROR(VALUE(SUBSTITUTE($AE$6:$AE$100,"N","")),0)),SUMPRODUCT((BCC_MA=$B66)*IFERROR(VALUE(SUBSTITUTE($AF$6:$AF$100,"N","")),0)),SUMPRODUCT((BCC_MA=$B66)*IFERROR(VALUE(SUBSTITUTE($AG$6:$AG$100,"N","")),0)),SUMPRODUCT((BCC_MA=$B66)*IFERROR(VALUE(SUBSTITUTE($AH$6:$AH$100,"N","")),0)),SUMPRODUCT((BCC_MA=$B66)*IFERROR(VALUE(SUBSTITUTE($AI$6:$AI$100,"N","")),0)),SUMPRODUCT((BCC_MA=$B66)*IFERROR(VALUE(SUBSTITUTE($AJ$6:$AJ$100,"N","")),0)),SUMPRODUCT((BCC_MA=$B66)*IFERROR(VALUE(SUBSTITUTE($AK$6:$AK$100,"N","")),0)))) -> 0
A67: =IF(B67="","",ROW()-5) | C67: =IF(B67="","",IFERROR(INDEX(NV_TEN,MATCH(B67,NV_MA,0)),"MÃ KHÔNG CÓ")) | F67: =IF(D67="","",IFERROR(INDEX(NH_GIO,MATCH(D67,NH_TEN,0)),"NHÓM?")) | AL67: =IF(B67="","",SUMPRODUCT(IFERROR(VALUE(SUBSTITUTE(G67:AK67,"N","")),0))) | AM67: =IF(B67="","",AL67/F67) | AN67: =IF(B67="","",SUMPRODUCT(ISNUMBER(SEARCH("N",G67:AK67))*IFERROR(VALUE(SUBSTITUTE(G67:AK67,"N","")),0))/F67) | AR67: =IF(B67="",0,MAX(SUMPRODUCT((BCC_MA=$B67)*IFERROR(VALUE(SUBSTITUTE($G$6:$G$100,"N","")),0)),SUMPRODUCT((BCC_MA=$B67)*IFERROR(VALUE(SUBSTITUTE($H$6:$H$100,"N","")),0)),SUMPRODUCT((BCC_MA=$B67)*IFERROR(VALUE(SUBSTITUTE($I$6:$I$100,"N","")),0)),SUMPRODUCT((BCC_MA=$B67)*IFERROR(VALUE(SUBSTITUTE($J$6:$J$100,"N","")),0)),SUMPRODUCT((BCC_MA=$B67)*IFERROR(VALUE(SUBSTITUTE($K$6:$K$100,"N","")),0)),SUMPRODUCT((BCC_MA=$B67)*IFERROR(VALUE(SUBSTITUTE($L$6:$L$100,"N","")),0)),SUMPRODUCT((BCC_MA=$B67)*IFERROR(VALUE(SUBSTITUTE($M$6:$M$100,"N","")),0)),SUMPRODUCT((BCC_MA=$B67)*IFERROR(VALUE(SUBSTITUTE($N$6:$N$100,"N","")),0)),SUMPRODUCT((BCC_MA=$B67)*IFERROR(VALUE(SUBSTITUTE($O$6:$O$100,"N","")),0)),SUMPRODUCT((BCC_MA=$B67)*IFERROR(VALUE(SUBSTITUTE($P$6:$P$100,"N","")),0)),SUMPRODUCT((BCC_MA=$B67)*IFERROR(VALUE(SUBSTITUTE($Q$6:$Q$100,"N","")),0)),SUMPRODUCT((BCC_MA=$B67)*IFERROR(VALUE(SUBSTITUTE($R$6:$R$100,"N","")),0)),SUMPRODUCT((BCC_MA=$B67)*IFERROR(VALUE(SUBSTITUTE($S$6:$S$100,"N","")),0)),SUMPRODUCT((BCC_MA=$B67)*IFERROR(VALUE(SUBSTITUTE($T$6:$T$100,"N","")),0)),SUMPRODUCT((BCC_MA=$B67)*IFERROR(VALUE(SUBSTITUTE($U$6:$U$100,"N","")),0)),SUMPRODUCT((BCC_MA=$B67)*IFERROR(VALUE(SUBSTITUTE($V$6:$V$100,"N","")),0)),SUMPRODUCT((BCC_MA=$B67)*IFERROR(VALUE(SUBSTITUTE($W$6:$W$100,"N","")),0)),SUMPRODUCT((BCC_MA=$B67)*IFERROR(VALUE(SUBSTITUTE($X$6:$X$100,"N","")),0)),SUMPRODUCT((BCC_MA=$B67)*IFERROR(VALUE(SUBSTITUTE($Y$6:$Y$100,"N","")),0)),SUMPRODUCT((BCC_MA=$B67)*IFERROR(VALUE(SUBSTITUTE($Z$6:$Z$100,"N","")),0)),SUMPRODUCT((BCC_MA=$B67)*IFERROR(VALUE(SUBSTITUTE($AA$6:$AA$100,"N","")),0)),SUMPRODUCT((BCC_MA=$B67)*IFERROR(VALUE(SUBSTITUTE($AB$6:$AB$100,"N","")),0)),SUMPRODUCT((BCC_MA=$B67)*IFERROR(VALUE(SUBSTITUTE($AC$6:$AC$100,"N","")),0)),SUMPRODUCT((BCC_MA=$B67)*IFERROR(VALUE(SUBSTITUTE($AD$6:$AD$100,"N","")),0)),SUMPRODUCT((BCC_MA=$B67)*IFERROR(VALUE(SUBSTITUTE($AE$6:$AE$100,"N","")),0)),SUMPRODUCT((BCC_MA=$B67)*IFERROR(VALUE(SUBSTITUTE($AF$6:$AF$100,"N","")),0)),SUMPRODUCT((BCC_MA=$B67)*IFERROR(VALUE(SUBSTITUTE($AG$6:$AG$100,"N","")),0)),SUMPRODUCT((BCC_MA=$B67)*IFERROR(VALUE(SUBSTITUTE($AH$6:$AH$100,"N","")),0)),SUMPRODUCT((BCC_MA=$B67)*IFERROR(VALUE(SUBSTITUTE($AI$6:$AI$100,"N","")),0)),SUMPRODUCT((BCC_MA=$B67)*IFERROR(VALUE(SUBSTITUTE($AJ$6:$AJ$100,"N","")),0)),SUMPRODUCT((BCC_MA=$B67)*IFERROR(VALUE(SUBSTITUTE($AK$6:$AK$100,"N","")),0)))) -> 0
A68: =IF(B68="","",ROW()-5) | C68: =IF(B68="","",IFERROR(INDEX(NV_TEN,MATCH(B68,NV_MA,0)),"MÃ KHÔNG CÓ")) | F68: =IF(D68="","",IFERROR(INDEX(NH_GIO,MATCH(D68,NH_TEN,0)),"NHÓM?")) | AL68: =IF(B68="","",SUMPRODUCT(IFERROR(VALUE(SUBSTITUTE(G68:AK68,"N","")),0))) | AM68: =IF(B68="","",AL68/F68) | AN68: =IF(B68="","",SUMPRODUCT(ISNUMBER(SEARCH("N",G68:AK68))*IFERROR(VALUE(SUBSTITUTE(G68:AK68,"N","")),0))/F68) | AR68: =IF(B68="",0,MAX(SUMPRODUCT((BCC_MA=$B68)*IFERROR(VALUE(SUBSTITUTE($G$6:$G$100,"N","")),0)),SUMPRODUCT((BCC_MA=$B68)*IFERROR(VALUE(SUBSTITUTE($H$6:$H$100,"N","")),0)),SUMPRODUCT((BCC_MA=$B68)*IFERROR(VALUE(SUBSTITUTE($I$6:$I$100,"N","")),0)),SUMPRODUCT((BCC_MA=$B68)*IFERROR(VALUE(SUBSTITUTE($J$6:$J$100,"N","")),0)),SUMPRODUCT((BCC_MA=$B68)*IFERROR(VALUE(SUBSTITUTE($K$6:$K$100,"N","")),0)),SUMPRODUCT((BCC_MA=$B68)*IFERROR(VALUE(SUBSTITUTE($L$6:$L$100,"N","")),0)),SUMPRODUCT((BCC_MA=$B68)*IFERROR(VALUE(SUBSTITUTE($M$6:$M$100,"N","")),0)),SUMPRODUCT((BCC_MA=$B68)*IFERROR(VALUE(SUBSTITUTE($N$6:$N$100,"N","")),0)),SUMPRODUCT((BCC_MA=$B68)*IFERROR(VALUE(SUBSTITUTE($O$6:$O$100,"N","")),0)),SUMPRODUCT((BCC_MA=$B68)*IFERROR(VALUE(SUBSTITUTE($P$6:$P$100,"N","")),0)),SUMPRODUCT((BCC_MA=$B68)*IFERROR(VALUE(SUBSTITUTE($Q$6:$Q$100,"N","")),0)),SUMPRODUCT((BCC_MA=$B68)*IFERROR(VALUE(SUBSTITUTE($R$6:$R$100,"N","")),0)),SUMPRODUCT((BCC_MA=$B68)*IFERROR(VALUE(SUBSTITUTE($S$6:$S$100,"N","")),0)),SUMPRODUCT((BCC_MA=$B68)*IFERROR(VALUE(SUBSTITUTE($T$6:$T$100,"N","")),0)),SUMPRODUCT((BCC_MA=$B68)*IFERROR(VALUE(SUBSTITUTE($U$6:$U$100,"N","")),0)),SUMPRODUCT((BCC_MA=$B68)*IFERROR(VALUE(SUBSTITUTE($V$6:$V$100,"N","")),0)),SUMPRODUCT((BCC_MA=$B68)*IFERROR(VALUE(SUBSTITUTE($W$6:$W$100,"N","")),0)),SUMPRODUCT((BCC_MA=$B68)*IFERROR(VALUE(SUBSTITUTE($X$6:$X$100,"N","")),0)),SUMPRODUCT((BCC_MA=$B68)*IFERROR(VALUE(SUBSTITUTE($Y$6:$Y$100,"N","")),0)),SUMPRODUCT((BCC_MA=$B68)*IFERROR(VALUE(SUBSTITUTE($Z$6:$Z$100,"N","")),0)),SUMPRODUCT((BCC_MA=$B68)*IFERROR(VALUE(SUBSTITUTE($AA$6:$AA$100,"N","")),0)),SUMPRODUCT((BCC_MA=$B68)*IFERROR(VALUE(SUBSTITUTE($AB$6:$AB$100,"N","")),0)),SUMPRODUCT((BCC_MA=$B68)*IFERROR(VALUE(SUBSTITUTE($AC$6:$AC$100,"N","")),0)),SUMPRODUCT((BCC_MA=$B68)*IFERROR(VALUE(SUBSTITUTE($AD$6:$AD$100,"N","")),0)),SUMPRODUCT((BCC_MA=$B68)*IFERROR(VALUE(SUBSTITUTE($AE$6:$AE$100,"N","")),0)),SUMPRODUCT((BCC_MA=$B68)*IFERROR(VALUE(SUBSTITUTE($AF$6:$AF$100,"N","")),0)),SUMPRODUCT((BCC_MA=$B68)*IFERROR(VALUE(SUBSTITUTE($AG$6:$AG$100,"N","")),0)),SUMPRODUCT((BCC_MA=$B68)*IFERROR(VALUE(SUBSTITUTE($AH$6:$AH$100,"N","")),0)),SUMPRODUCT((BCC_MA=$B68)*IFERROR(VALUE(SUBSTITUTE($AI$6:$AI$100,"N","")),0)),SUMPRODUCT((BCC_MA=$B68)*IFERROR(VALUE(SUBSTITUTE($AJ$6:$AJ$100,"N","")),0)),SUMPRODUCT((BCC_MA=$B68)*IFERROR(VALUE(SUBSTITUTE($AK$6:$AK$100,"N","")),0)))) -> 0
